4,text,出,21,天,5600w,，,在,账,,,,,,,,,,,,,,,,,,,,,,,,,,,,,,,,,,,,,,,,,,,
4,text,出,21,天,5600w,，,在账,,,,,,,,,,,,,,,,,,,,,,,,,,,,,,,,,,,,,,,,,,,
5,label,side:2,tlow,i_tlow,total,,tag:20,,,,,,,,,,,,,,,,,,,,,,,,,,,,,,,,,,,,,,,,,,,
6,text,出,2000W,上清,在,账,隔夜,，,需,上午,还款,。,,,,,,,,,,,,,,,,,,,,,,,,,,,,,,,,,,,,,,,
6,text,出,2000W,上清,在账,隔夜,，,需,上午还款,。,,,,,,,,,,,,,,,,,,,,,,,,,,,,,,,,,,,,,,,
7,label,side:2,total,tag:13,tag:20,tlow,,,tag:21,,,,,,,,,,,,,,,,,,,,,,,,,,,,,,,,,,,,,,,,
14,text,出,六天,5000,万,压,AA+,以上,,,,,,,,,,,,,,,,,,,,,,,,,,,,,,,,,,,,,,,,,,,
14,text,出,六天,5000,万,压AA+,以上,,,,,,,,,,,,,,,,,,,,,,,,,,,,,,,,,,,,,,,,,,,
15,label,side:2,tlow,total,i_total,tag:25,,,,,,,,,,,,,,,,,,,,,,,,,,,,,,,,,,,,,,,,,,,,
22,text,限价,内出,隔夜,1,亿,~,~,~,~,上午,还款,~,~,~,~,~,~,~,~,~,~,~,上午,还款,~,~,~,~,~,~,·,,,,,,,,,,,,,,,,,,,
22,text,限价,内出,隔夜,1,亿,~,~,~,~,上午还款,~,~,~,~,~,~,~,~,~,~,~,上午还款,~,~,~,~,~,~,·,,,,,,,,,,,,,,,,,,,
23,label,,,tlow,total,i_total,,,,,tag:21,,,,,,,,,,,,tag:21,,,,,,,,,,,,,,,,,,,,,,,,,,
44,text,出,隔夜,6600W,3,点前,还款,，,欢迎,来,碰,,,,,,,,,,,,,,,,,,,,,,,,,,,,,,,,,,,,,,,,
44,text,出,隔夜,6600W,3点前还款,，,欢迎,来,碰,,,,,,,,,,,,,,,,,,,,,,,,,,,,,,,,,,,,,,,,
45,label,side:2,tlow,total,tag:21,,,,,,,,,,,,,,,,,,,,,,,,,,,,,,,,,,,,,,,,,,,,
50,text,出,隔夜,0.5,亿,，,上午,还,钱,,,,,,,,,,,,,,,,,,,,,,,,,,,,,,,,,,,,,,,,,,
50,text,出,隔夜,0.5,亿,，,上午还钱,,,,,,,,,,,,,,,,,,,,,,,,,,,,,,,,,,,,,,,,,,
51,label,side:2,tlow,total,i_total,,tag:21,,,,,,,,,,,,,,,,,,,,,,,,,,,,,,,,,,,,,,,,,,
58,text,出,隔夜,3000w,押券宽松,不限,户,,,,,,,,,,,,,,,,,,,,,,,,,,,,,,,,,,,,,,,,,,,,
58,text,出,隔夜,3000w,押券宽松,不限户,,,,,,,,,,,,,,,,,,,,,,,,,,,,,,,,,,,,,,,,,,,,
59,label,side:2,tlow,total,tag:23,tag:24,,,,,,,,,,,,,,,,,,,,,,,,,,,,,,,,,,,,,,,,,,,,
64,text,临时,出,隔夜,3000,万,压力,率,还,小窗,口,限非银,上午,还款,,,,,,,,,,,,,,,,,,,,,,,,,,,,,,,,,,,,,
64,text,临时,出,隔夜,3000,万,压力,率,还,小窗,口,限非银,上午还款,,,,,,,,,,,,,,,,,,,,,,,,,,,,,,,,,,,,,
65,label,,side:2,tlow,total,i_total,i_total,,,,,tag:18,tag:21,,,,,,,,,,,,,,,,,,,,,,,,,,,,,,,,,,,,,
84,text,出,隔夜,5k,3,点半,以后,点,前台,押,aa,+,",",4,点,还款,,,,,,,,,,,,,,,,,,,,,,,,,,,,,,,,,,,
84,text,出,隔夜,5k,3,点半,以后,点,前台,押AA,+,",",4,点,还款,,,,,,,,,,,,,,,,,,,,,,,,,,,,,,,,,,,
85,label,side:2,tlow,total,,,,,,tag:25,,,,,tag:21,,,,,,,,,,,,,,,,,,,,,,,,,,,,,,,,,,,
104,text,收,隔夜,4.8,亿,，,随便,押,，,上午,还款,,,,,,,,,,,,,,,,,,,,,,,,,,,,,,,,,,,,,,,,
104,text,收,隔夜,4.8,亿,，,随便,押,，,上午还款,,,,,,,,,,,,,,,,,,,,,,,,,,,,,,,,,,,,,,,,
105,label,side:1,tlow,total,i_total,,,mode:102,,tag:21,,,,,,,,,,,,,,,,,,,,,,,,,,,,,,,,,,,,,,,,
110,text,出,隔夜,7,天,5500,万,压,AA+,信用,\,n,出,隔夜,7,天,5500,万,压,AA+,信用,,,,,,,,,,,,,,,,,,,,,,,,,,,,,,
110,text,出,隔夜,7,天,5500,万,压AA+,信用,\,n,出,隔夜,7,天,5500,万,压AA+,信用,,,,,,,,,,,,,,,,,,,,,,,,,,,,,,
111,label,side:2,tlow,tlow,i_tlow,total,i_total,tag:25,tag:11,,,side:2,tlow,tlow,i_tlow,total,i_total,tag:25,tag:11,,,,,,,,,,,,,,,,,,,,,,,,,,,,,,
114,text,出,协议回购,6D,5KW,押券宽松,在,账,,,,,,,,,,,,,,,,,,,,,,,,,,,,,,,,,,,,,,,,,,,
114,text,出,协议回购,6D,5KW,押券宽松,在账,,,,,,,,,,,,,,,,,,,,,,,,,,,,,,,,,,,,,,,,,,,
115,label,side:2,,tlow,,tag:23,tag:20,,,,,,,,,,,,,,,,,,,,,,,,,,,,,,,,,,,,,,,,,,,
120,text,预约,明天,借,7D,上清,所,，,押,AA+,信用,，,需早,到,账,，,价格,可以,高点,,,,,,,,,,,,,,,,,,,,,,,,,,,,,,,,
120,text,预约,明天,借,7D,上清,所,，,押AA+,信用,，,需早,到,账,，,价格,可以,高点,,,,,,,,,,,,,,,,,,,,,,,,,,,,,,,,
121,label,,,side:1,tlow,tag:13,,,tag:25,tag:11,,,,,,,,,,,,,,,,,,,,,,,,,,,,,,,,,,,,,,,,
122,text,出,7D,-,1M,押,AA+,欢迎,小窗,~,,,,,,,,,,,,,,,,,,,,,,,,,,,,,,,,,,,,,,,,,
122,text,出,7D,-,1M,押AA+,欢迎,小窗,~,,,,,,,,,,,,,,,,,,,,,,,,,,,,,,,,,,,,,,,,,
123,label,side:2,tlow,,thigh,tag:25,,,,,,,,,,,,,,,,,,,,,,,,,,,,,,,,,,,,,,,,,,,,
132,text,出,2D,-,7D,押,AA+,,,,,,,,,,,,,,,,,,,,,,,,,,,,,,,,,,,,,,,,,,,,
132,text,出,2D,-,7D,押AA+,,,,,,,,,,,,,,,,,,,,,,,,,,,,,,,,,,,,,,,,,,,,
133,label,side:2,tlow,,thigh,tag:25,,,,,,,,,,,,,,,,,,,,,,,,,,,,,,,,,,,,,,,,,,,,
140,text,出,35,-,40,天,不限,户,押,AA+,\,n,出,21,天,不限,户,押,AA+,,,,,,,,,,,,,,,,,,,,,,,,,,,,,,,,
140,text,出,35,-,40,天,不限户,押AA+,\,n,出,21,天,不限户,押AA+,,,,,,,,,,,,,,,,,,,,,,,,,,,,,,,,
141,label,side:2,tlow,,thigh,i_thigh,tag:24,tag:25,,,side:2,tlow,i_tlow,tag:24,tag:25,,,,,,,,,,,,,,,,,,,,,,,,,,,,,,,,
152,text,出,2.1,亿,隔夜,限,直连,押券宽松,/,骚扰,,,,,,,,,,,,,,,,,,,,,,,,,,,,,,,,,,,,,,,,,
152,text,出,2.1,亿,隔夜,限直连,押券宽松,/,骚扰,,,,,,,,,,,,,,,,,,,,,,,,,,,,,,,,,,,,,,,,,
153,label,side:2,total,i_total,tlow,tag:19,tag:23,,,,,,,,,,,,,,,,,,,,,,,,,,,,,,,,,,,,,,,,,,,
158,text,出,820,万,在,账,隔夜,，,要求,押利率,，,下午,早到,款,,,,,,,,,,,,,,,,,,,,,,,,,,,,,,,,,,,,,
158,text,出,820,万,在账,隔夜,，,要求,押利率,，,下午,早到,款,,,,,,,,,,,,,,,,,,,,,,,,,,,,,,,,,,,,,
159,label,side:2,total,i_total,tag:20,tlow,,,tag:10,,,,,,,,,,,,,,,,,,,,,,,,,,,,,,,,,,,,,,,,,
178,text,出,银行间,14D,1E,押券,AA+,,,,,,,,,,,,,,,,,,,,,,,,,,,,,,,,,,,,,,,,,,,,
178,text,出,银行间,14D,1E,押券AA+,,,,,,,,,,,,,,,,,,,,,,,,,,,,,,,,,,,,,,,,,,,,
179,label,side:2,,tlow,total,tag:25,,,,,,,,,,,,,,,,,,,,,,,,,,,,,,,,,,,,,,,,,,,,
186,text,出,7,天,5000,万,，,13,天,1.5,亿,，,押券宽松,，,3,点前,还款,,,,,,,,,,,,,,,,,,,,,,,,,,,,,,,,,,
186,text,出,7,天,5000,万,，,13,天,1.5,亿,，,押券宽松,，,3点前还款,,,,,,,,,,,,,,,,,,,,,,,,,,,,,,,,,,
187,label,side:2,tlow,i_tlow,total,i_total,,tlow,i_tlow,total,i_total,,tag:23,,tag:21,,,,,,,,,,,,,,,,,,,,,,,,,,,,,,,,,,
196,text,借,11,月,3,号,到期,资金,5,亿,，,押,AA,及,以上,期限,同业存单,，,我行,是,直连,DVP,",",资金,到期,开门,自动,还款,。,。,,,,,,,,,,,,,,,,,,,,,
196,text,借,11,月,3,号,到期,资金,5,亿,，,押AA,及,以上,期限,同业存单,，,我行,是,直连,DVP,",",资金,到期,开门,自动,还款,。,。,,,,,,,,,,,,,,,,,,,,,
197,label,side:1,tlow,i_tlow,,,,,total,i_total,,tag:25,,,,tag:14,,,,tag:19,,,,,,,,,,,,,,,,,,,,,,,,,,,,,,
208,text,临时,补,头寸,，,借,在,账,隔夜,1000,万,，,押利率,，,欢迎,小窗,,,,,,,,,,,,,,,,,,,,,,,,,,,,,,,,,,,
208,text,临时,补,头寸,，,借,在账,隔夜,1000,万,，,押利率,，,欢迎,小窗,,,,,,,,,,,,,,,,,,,,,,,,,,,,,,,,,,,
209,label,,,,,side:1,tag:20,tlow,total,i_total,,tag:10,,,,,,,,,,,,,,,,,,,,,,,,,,,,,,,,,,,,,,
220,text,借,隔夜,2000,万,，,押,AA+,存单,，,欢迎,小窗,,,,,,,,,,,,,,,,,,,,,,,,,,,,,,,,,,,,,,,
220,text,借,隔夜,2000,万,，,押AA+,存单,，,欢迎,小窗,,,,,,,,,,,,,,,,,,,,,,,,,,,,,,,,,,,,,,,
221,label,side:1,tlow,total,i_total,,tag:25,tag:14,,,,,,,,,,,,,,,,,,,,,,,,,,,,,,,,,,,,,,,,,,
226,text,收,7,天,资金,，,压,利率,、,2A+,存单,,,,,,,,,,,,,,,,,,,,,,,,,,,,,,,,,,,,,,,,
226,text,收,7,天,资金,，,压利率,、,2A+,存单,,,,,,,,,,,,,,,,,,,,,,,,,,,,,,,,,,,,,,,,
227,label,side:1,tlow,i_tlow,,,tag:10,,tag:11,tag:14,,,,,,,,,,,,,,,,,,,,,,,,,,,,,,,,,,,,,,,,
230,text,出,2,亿,隔夜,押,AA+,\,n,出,2,亿,隔夜,押,AA+,,,,,,,,,,,,,,,,,,,,,,,,,,,,,,,,,,,,
230,text,出,2,亿,隔夜,押AA+,\,n,出,2,亿,隔夜,押AA+,,,,,,,,,,,,,,,,,,,,,,,,,,,,,,,,,,,,
231,label,side:2,total,i_total,tlow,tag:25,,,side:2,total,i_total,tlow,tag:25,,,,,,,,,,,,,,,,,,,,,,,,,,,,,,,,,,,,
240,text,出,在,账,隔夜,2,+,1E,整量,不,拆,渣量,欢迎,小窗,押,3A,券,,,,,,,,,,,,,,,,,,,,,,,,,,,,,,,,,,
240,text,出,在账,隔夜,2,+,1E,整量,不,拆,渣量,欢迎,小窗,押3A,券,,,,,,,,,,,,,,,,,,,,,,,,,,,,,,,,,,
241,label,side:2,tag:20,tlow,,,total,,,,,,,tag:25,,,,,,,,,,,,,,,,,,,,,,,,,,,,,,,,,,,
246,text,出,在,账,上清,4000W,，,要求,AAA,，,3,点,之前,还款,,,,,,,,,,,,,,,,,,,,,,,,,,,,,,,,,,,,,
246,text,出,在账,上清,4000W,，,要求,AAA,，,3,点,之前,还款,,,,,,,,,,,,,,,,,,,,,,,,,,,,,,,,,,,,,
247,label,side:2,tag:20,tag:13,total,,,tag:11,,,,,tag:21,,,,,,,,,,,,,,,,,,,,,,,,,,,,,,,,,,,,,
248,text,出,1.4,亿,隔夜,不限,户,押券宽松,~,~,~,~,,,,,,,,,,,,,,,,,,,,,,,,,,,,,,,,,,,,,,,
248,text,出,1.4,亿,隔夜,不限户,押券宽松,~,~,~,~,,,,,,,,,,,,,,,,,,,,,,,,,,,,,,,,,,,,,,,
249,label,side:2,total,i_total,tlow,tag:24,tag:23,,,,,,,,,,,,,,,,,,,,,,,,,,,,,,,,,,,,,,,,,,,
264,text,出,在,账,21D,-,1M,押,AA,,,,,,,,,,,,,,,,,,,,,,,,,,,,,,,,,,,,,,,,,,
264,text,出,在账,21D,-,1M,押AA,,,,,,,,,,,,,,,,,,,,,,,,,,,,,,,,,,,,,,,,,,
265,label,side:2,tag:20,tlow,,thigh,tag:25,,,,,,,,,,,,,,,,,,,,,,,,,,,,,,,,,,,,,,,,,,
274,text,出,隔夜,5700w,押,AA,,,,,,,,,,,,,,,,,,,,,,,,,,,,,,,,,,,,,,,,,,,,,
274,text,出,隔夜,5700w,押AA,,,,,,,,,,,,,,,,,,,,,,,,,,,,,,,,,,,,,,,,,,,,,
275,label,side:2,tlow,total,tag:25,,,,,,,,,,,,,,,,,,,,,,,,,,,,,,,,,,,,,,,,,,,,,
294,text,出,在,账,隔夜,2.1,E,中债,可,买断,押券宽松,,,,,,,,,,,,,,,,,,,,,,,,,,,,,,,,,,,,,,,,
294,text,出,在账,隔夜,2.1,E,中债,可,买断,押券宽松,,,,,,,,,,,,,,,,,,,,,,,,,,,,,,,,,,,,,,,,
295,label,side:2,tag:20,tlow,total,i_total,tag:12,,mode:103,tag:23,,,,,,,,,,,,,,,,,,,,,,,,,,,,,,,,,,,,,,,,
304,text,出,整量,隔夜,，,押,AAA,或,AA+,存单,或,利率,，,欢迎,小窗,,,,,,,,,,,,,,,,,,,,,,,,,,,,,,,,,,,,
304,text,出,整量,隔夜,，,押AAA,或,AA+,存单,或,利率,，,欢迎,小窗,,,,,,,,,,,,,,,,,,,,,,,,,,,,,,,,,,,,
305,label,side:2,total,tlow,,tag:25,,tag:11,tag:14,,tag:10,,,,,,,,,,,,,,,,,,,,,,,,,,,,,,,,,,,,,,,
308,text,顶格,借,1,-,7,天,资金,1,亿,，,押利率或者存单,，,可,上午,还款,,,,,,,,,,,,,,,,,,,,,,,,,,,,,,,,,,,
308,text,顶格,借,1,-,7,天,资金,1,亿,，,押利率或者存单,，,可,上午还款,,,,,,,,,,,,,,,,,,,,,,,,,,,,,,,,,,,
309,label,,side:1,tlow,,thigh,i_thigh,,total,i_total,,tag:10,,,tag:21,,,,,,,,,,,,,,,,,,,,,,,,,,,,,,,,,,,
310,text,诚借,在,账,或者,上午,到,账,隔夜,1.5,亿,押利率,求,小窗,,,,,,,,,,,,,,,,,,,,,,,,,,,,,,,,,,,,,
310,text,诚借,在账,或者,上午到账,隔夜,1.5,亿,押利率,求,小窗,,,,,,,,,,,,,,,,,,,,,,,,,,,,,,,,,,,,,
311,label,side:1,tag:20,,tag:20,,tlow,total,i_total,tag:10,,,,,,,,,,,,,,,,,,,,,,,,,,,,,,,,,,,,,,,
324,text,出,14,天,6800w,押,AAA,在,账,,,,,,,,,,,,,,,,,,,,,,,,,,,,,,,,,,,,,,,,,,
324,text,出,14,天,6800w,押AAA,在账,,,,,,,,,,,,,,,,,,,,,,,,,,,,,,,,,,,,,,,,,,
325,label,side:2,tlow,i_tlow,total,tag:25,tag:20,,,,,,,,,,,,,,,,,,,,,,,,,,,,,,,,,,,,,,,,,,
328,text,出,在,账,隔夜,3000,，,押利率,，,限,农商行,,,,,,,,,,,,,,,,,,,,,,,,,,,,,,,,,,,,,,,,
328,text,出,在账,隔夜,3000,，,押利率,，,限,农商行,,,,,,,,,,,,,,,,,,,,,,,,,,,,,,,,,,,,,,,,
329,label,side:2,tag:20,tlow,total,,tag:10,,,,,,,,,,,,,,,,,,,,,,,,,,,,,,,,,,,,,,,,,,,
334,text,出,在,账,隔夜,3800w,~,~,4,点前,还款,~,~,,,,,,,,,,,,,,,,,,,,,,,,,,,,,,,,,,,,,,
334,text,出,在账,隔夜,3800w,~,~,4,点前,还款,~,~,,,,,,,,,,,,,,,,,,,,,,,,,,,,,,,,,,,,,,
335,label,side:2,tag:20,tlow,total,,,,,tag:21,,,,,,,,,,,,,,,,,,,,,,,,,,,,,,,,,,,,,,,,
336,text,出,在,帐,8D,自营,押利率,，,早,还款,,,,,,,,,,,,,,,,,,,,,,,,,,,,,,,,,,,,,,,,,
336,text,出,在帐,8D,自营,押利率,，,早,还款,,,,,,,,,,,,,,,,,,,,,,,,,,,,,,,,,,,,,,,,,
337,label,side:2,tag:20,tlow,,tag:10,,,tag:21,,,,,,,,,,,,,,,,,,,,,,,,,,,,,,,,,,,,,,,,,
352,text,出个,在,账,7,-,8,天,3000,万,欢迎,匹配,,,,,,,,,,,,,,,,,,,,,,,,,,,,,,,,,,,,,,,
352,text,出个,在账,7,-,8,天,3000,万,欢迎,匹配,,,,,,,,,,,,,,,,,,,,,,,,,,,,,,,,,,,,,,,
353,label,side:2,tag:20,tlow,,thigh,i_thigh,total,i_total,,,,,,,,,,,,,,,,,,,,,,,,,,,,,,,,,,,,,,,,,
368,text,专户,借,7d,1e,押,AAA,cd,,,,,,,,,,,,,,,,,,,,,,,,,,,,,,,,,,,,,,,,,,,
368,text,专户,借,7d,1e,押AAA,cd,,,,,,,,,,,,,,,,,,,,,,,,,,,,,,,,,,,,,,,,,,,
369,label,,side:1,tlow,total,tag:25,,,,,,,,,,,,,,,,,,,,,,,,,,,,,,,,,,,,,,,,,,,,
376,text,代友,出,1.5,亿,隔夜,，,押利率,，,上午,还款,限银行,，,价格,美丽,，,欢迎,勾搭,打捞,,,,,,,,,,,,,,,,,,,,,,,,,,,,,,,,
376,text,代友,出,1.5,亿,隔夜,，,押利率,，,上午还款,限银行,，,价格,美丽,，,欢迎,勾搭,打捞,,,,,,,,,,,,,,,,,,,,,,,,,,,,,,,,
377,label,,side:2,total,i_total,tlow,,tag:10,,tag:21,tag:16,,,,,,,,,,,,,,,,,,,,,,,,,,,,,,,,,,,,,,,
392,text,出,上清,隔夜,4000w,不限,户,押,AA,,,,,,,,,,,,,,,,,,,,,,,,,,,,,,,,,,,,,,,,,,
392,text,出,上清,隔夜,4000w,不限户,押AA,,,,,,,,,,,,,,,,,,,,,,,,,,,,,,,,,,,,,,,,,,
393,label,side:2,tag:13,tlow,total,tag:24,tag:25,,,,,,,,,,,,,,,,,,,,,,,,,,,,,,,,,,,,,,,,,,
404,text,出,隔夜,5000,万,上午,还款,押券宽松,，,价格,美丽,！,,,,,,,,,,,,,,,,,,,,,,,,,,,,,,,,,,,,,,,
404,text,出,隔夜,5000,万,上午还款,押券宽松,，,价格,美丽,！,,,,,,,,,,,,,,,,,,,,,,,,,,,,,,,,,,,,,,,
405,label,side:2,tlow,total,i_total,tag:21,tag:23,,,,,,,,,,,,,,,,,,,,,,,,,,,,,,,,,,,,,,,,,,,
408,text,出,隔夜,4000w,在,账,,,,,,,,,,,,,,,,,,,,,,,,,,,,,,,,,,,,,,,,,,,,,
408,text,出,隔夜,4000w,在账,,,,,,,,,,,,,,,,,,,,,,,,,,,,,,,,,,,,,,,,,,,,,
409,label,side:2,tlow,total,tag:20,,,,,,,,,,,,,,,,,,,,,,,,,,,,,,,,,,,,,,,,,,,,,
410,text,出,七天,十四天,，,整量,起,做,不限,户,，,押利率,\,n,出,七天,十四天,，,整量,起,做,不限,户,，,押利率,,,,,,,,,,,,,,,,,,,,,,,,,,
410,text,出,七天,十四天,，,整量,起,做,不限户,，,押利率,\,n,出,七天,十四天,，,整量,起,做,不限户,，,押利率,,,,,,,,,,,,,,,,,,,,,,,,,,
411,label,side:2,tlow,i_tlow,,,,,tag:24,,tag:10,,,side:2,tlow,,,,,,tag:24,,tag:10,,,,,,,,,,,,,,,,,,,,,,,,,,
420,text,借,中债,资金,1,-,14,天,5,千万,押,3A,…,…,,,,,,,,,,,,,,,,,,,,,,,,,,,,,,,,,,,,,
420,text,借,中债,资金,1,-,14,天,5,千万,押3A,…,…,,,,,,,,,,,,,,,,,,,,,,,,,,,,,,,,,,,,,
421,label,side:1,tag:12,,tlow,,thigh,i_thigh,total,i_total,tag:25,,,,,,,,,,,,,,,,,,,,,,,,,,,,,,,,,,,,,,,
438,text,换,7,天,1.1,亿在,账,,,,,,,,,,,,,,,,,,,,,,,,,,,,,,,,,,,,,,,,,,,,
438,text,换,7,天,1.1,亿,在账,,,,,,,,,,,,,,,,,,,,,,,,,,,,,,,,,,,,,,,,,,,,
439,label,,tlow,i_tlow,total,i_total,tag:20,,,,,,,,,,,,,,,,,,,,,,,,,,,,,,,,,,,,,,,,,,,,
442,text,出,3000W,隔夜,买断,欢迎,非银小伙伴,押券,AA+,信用,或,利率,存单,可以,AA,四点,还款,,,,,,,,,,,,,,,,,,,,,,,,,,,,,,,,,,
442,text,出,3000W,隔夜,买断,欢迎,非银小伙伴,押券AA+,信用,或,利率,存单,可以,AA,四点,还款,,,,,,,,,,,,,,,,,,,,,,,,,,,,,,,,,,
443,label,side:2,total,tlow,mode:103,,,tag:25,tag:11,,tag:10,tag:14,,tag:11,,tag:21,,,,,,,,,,,,,,,,,,,,,,,,,,,,,,,,,,
458,text,临时,出,隔夜,5000w,上午,还款,\,n,临时,出,隔夜,5000w,上午,还款,\,n,,,,,,,,,,,,,,,,,,,,,,,,,,,,,,,,,,
458,text,临时,出,隔夜,5000w,上午还款,\,n,临时,出,隔夜,5000w,上午还款,\,n,,,,,,,,,,,,,,,,,,,,,,,,,,,,,,,,,,
459,label,,side:2,tlow,total,tag:21,,,,side:2,tlow,total,tag:21,,,,,,,,,,,,,,,,,,,,,,,,,,,,,,,,,,,,
468,text,出,跨,春节,36,-,37,天,2000w,\,n,出,14,-,21,天,\,n,不限,户,押,AA+,,,,,,,,,,,,,,,,,,,,,,,,,,,,,
468,text,出,跨,春节,36,-,37,天,2000w,\,n,出,14,-,21,天,\,n,不限户,押AA+,,,,,,,,,,,,,,,,,,,,,,,,,,,,,
469,label,side:2,,,tlow,,thigh,i_thigh,total,,,side:2,tlow,,thigh,i_thigh,,,tag:24,tag:25,,,,,,,,,,,,,,,,,,,,,,,,,,,,,
474,text,出,在,账,8,-,14D,、,32D,以上,,,,,,,,,,,,,,,,,,,,,,,,,,,,,,,,,,,,,,,,,
474,text,出,在账,8,-,14D,、,32D,以上,,,,,,,,,,,,,,,,,,,,,,,,,,,,,,,,,,,,,,,,,
475,label,side:2,tag:20,tlow,,thigh,,tlow,,,,,,,,,,,,,,,,,,,,,,,,,,,,,,,,,,,,,,,,,,
476,text,出,隔夜,3.9,E,上午,还款,价格,就,5,了,出,隔夜,2E,正常,还款,价格,6,出,隔夜,5500W,3,点前,还款,价格,5.5,要,借,的话,在,找,我,哈,！,,,,,,,,,,,,,,,,,
476,text,出,隔夜,3.9,E,上午还款,价格,就,5,了,出,隔夜,2E,正常,还款,价格,6,出,隔夜,5500W,3点前还款,价格,5.5,要,借,的话,在,找,我,哈,！,,,,,,,,,,,,,,,,,
477,label,side:2,tlow,total,i_total,tag:21,,,,,side:2,tlow,total,,tag:21,,,side:2,tlow,total,tag:21,,,,side:1,,,,,,,,,,,,,,,,,,,,,,,
482,text,出,隔夜,5000,万,押,AA+,信用,AA,存单,利率债,~,限,四点,还款,,,,,,,,,,,,,,,,,,,,,,,,,,,,,,,,,,,,
482,text,出,隔夜,5000,万,押AA+,信用,AA,存单,利率债,~,限,四点,还款,,,,,,,,,,,,,,,,,,,,,,,,,,,,,,,,,,,,
483,label,side:2,tlow,total,i_total,tag:25,tag:11,tag:11,tag:14,tag:10,,,,,,,,,,,,,,,,,,,,,,,,,,,,,,,,,,,,,,,,
488,text,出,隔夜,在,账,3000W,,,,,,,,,,,,,,,,,,,,,,,,,,,,,,,,,,,,,,,,,,,,,
488,text,出,隔夜,在账,3000W,,,,,,,,,,,,,,,,,,,,,,,,,,,,,,,,,,,,,,,,,,,,,
489,label,side:2,tlow,tag:20,total,,,,,,,,,,,,,,,,,,,,,,,,,,,,,,,,,,,,,,,,,,,,,
500,text,便宜,出,在,账,隔夜,，,整量,，,限户,,,,,,,,,,,,,,,,,,,,,,,,,,,,,,,,,,,,,,,,,
500,text,便宜,出,在账,隔夜,，,整量,，,限户,,,,,,,,,,,,,,,,,,,,,,,,,,,,,,,,,,,,,,,,,
501,label,,side:2,tag:20,tlow,,,,,,,,,,,,,,,,,,,,,,,,,,,,,,,,,,,,,,,,,,,,,
502,text,出,7D,1600W,在,账,\,n,出,7D,1600W,在,账,,,,,,,,,,,,,,,,,,,,,,,,,,,,,,,,,,,,,,
502,text,出,7D,1600W,在账,\,n,出,7D,1600W,在账,,,,,,,,,,,,,,,,,,,,,,,,,,,,,,,,,,,,,,
503,label,side:2,tlow,total,tag:20,,,side:2,tlow,total,tag:20,,,,,,,,,,,,,,,,,,,,,,,,,,,,,,,,,,,,,,
516,text,借,4,天,5000,，,上午,到,账,,,,,,,,,,,,,,,,,,,,,,,,,,,,,,,,,,,,,,,,,,
516,text,借,4,天,5000,，,上午到账,,,,,,,,,,,,,,,,,,,,,,,,,,,,,,,,,,,,,,,,,,
517,label,side:1,tlow,i_tlow,,,tag:20,,,,,,,,,,,,,,,,,,,,,,,,,,,,,,,,,,,,,,,,,,,
520,text,出,隔夜,5,亿,押,AA+,,,,,,,,,,,,,,,,,,,,,,,,,,,,,,,,,,,,,,,,,,,,
520,text,出,隔夜,5,亿,押AA+,,,,,,,,,,,,,,,,,,,,,,,,,,,,,,,,,,,,,,,,,,,,
521,label,side:2,tlow,total,i_total,tag:25,,,,,,,,,,,,,,,,,,,,,,,,,,,,,,,,,,,,,,,,,,,,
540,text,出,在,帐,跨,月,24,天,4000W,+,1000W,+,1000W,,,,,,,,,,,,,,,,,,,,,,,,,,,,,,,,,,,,,,
540,text,出,在帐,跨,月,24,天,4000W,+,1000W,+,1000W,,,,,,,,,,,,,,,,,,,,,,,,,,,,,,,,,,,,,,
541,label,side:2,tag:20,,,tlow,i_tlow,total,,total,,total,,,,,,,,,,,,,,,,,,,,,,,,,,,,,,,,,,,,,,
544,text,出,在,账,隔夜,3500w,!,!,!,\,n,\,n,出,在,账,隔夜,3500w,!,!,!,,,,,,,,,,,,,,,,,,,,,,,,,,,,,,
544,text,出,在账,隔夜,3500w,!,!,!,\,n,\,n,出,在账,隔夜,3500w,!,!,!,,,,,,,,,,,,,,,,,,,,,,,,,,,,,,
545,label,side:2,tag:20,tlow,total,,,total,,,,,side:2,tag:20,tlow,total,,,,,,,,,,,,,,,,,,,,,,,,,,,,,,,,,
546,text,出,在,账,隔夜,930W,,,,,,,,,,,,,,,,,,,,,,,,,,,,,,,,,,,,,,,,,,,,,
546,text,出,在账,隔夜,930W,,,,,,,,,,,,,,,,,,,,,,,,,,,,,,,,,,,,,,,,,,,,,
547,label,side:2,tag:20,tlow,,,,,,,,,,,,,,,,,,,,,,,,,,,,,,,,,,,,,,,,,,,,,,
558,text,出,14D,2500w,押,aa,,,,,,,,,,,,,,,,,,,,,,,,,,,,,,,,,,,,,,,,,,,,,
558,text,出,14D,2500w,押AA,,,,,,,,,,,,,,,,,,,,,,,,,,,,,,,,,,,,,,,,,,,,,
559,label,side:2,tlow,total,tag:25,,,,,,,,,,,,,,,,,,,,,,,,,,,,,,,,,,,,,,,,,,,,,
562,text,出,7D,2kw,公募,自营,押,2A,；,资管,填表,3A,求,有缘人,~,~,,,,,,,,,,,,,,,,,,,,,,,,,,,,,,,,,,,
562,text,出,7D,2kw,公募,自营,押2A,；,资管,填表,3A,求,有缘人,~,~,,,,,,,,,,,,,,,,,,,,,,,,,,,,,,,,,,,
563,label,side:2,tlow,total,,,tag:25,,,,tag:11,,,,,,,,,,,,,,,,,,,,,,,,,,,,,,,,,,,,,,,
568,text,定格,借,隔夜,2,亿元,，,压,利率,,,,,,,,,,,,,,,,,,,,,,,,,,,,,,,,,,,,,,,,,,
568,text,定格,借,隔夜,2,亿元,，,压利率,,,,,,,,,,,,,,,,,,,,,,,,,,,,,,,,,,,,,,,,,,
569,label,,side:1,tlow,total,i_total,,tag:10,,,,,,,,,,,,,,,,,,,,,,,,,,,,,,,,,,,,,,,,,,
570,text,出,隔夜,1300,万,+,1300,押,AA,—,—,,,,,,,,,,,,,,,,,,,,,,,,,,,,,,,,,,,,,,,,
570,text,出,隔夜,1300,万,+,1300,押AA,—,—,,,,,,,,,,,,,,,,,,,,,,,,,,,,,,,,,,,,,,,,
571,label,side:2,tlow,total,i_total,,,tag:25,,,,,,,,,,,,,,,,,,,,,,,,,,,,,,,,,,,,,,,,,,
580,text,出,在,账,5D,3000W,押上清,,,,,,,,,,,,,,,,,,,,,,,,,,,,,,,,,,,,,,,,,,,,
580,text,出,在账,5D,3000W,押上清,,,,,,,,,,,,,,,,,,,,,,,,,,,,,,,,,,,,,,,,,,,,
581,label,side:2,tag:20,tlow,total,tag:13,,,,,,,,,,,,,,,,,,,,,,,,,,,,,,,,,,,,,,,,,,,,
586,text,出,在,账,21D,1E,上清,,,,,,,,,,,,,,,,,,,,,,,,,,,,,,,,,,,,,,,,,,,,
586,text,出,在账,21D,1E,上清,,,,,,,,,,,,,,,,,,,,,,,,,,,,,,,,,,,,,,,,,,,,
587,label,side:2,tag:20,tlow,total,tag:13,,,,,,,,,,,,,,,,,,,,,,,,,,,,,,,,,,,,,,,,,,,,
588,text,出,8,-,10,天,1E,在,账,,,,,,,,,,,,,,,,,,,,,,,,,,,,,,,,,,,,,,,,,,
588,text,出,8,-,10,天,1E,在账,,,,,,,,,,,,,,,,,,,,,,,,,,,,,,,,,,,,,,,,,,
589,label,side:2,tlow,,thigh,i_thigh,total,tag:20,,,,,,,,,,,,,,,,,,,,,,,,,,,,,,,,,,,,,,,,,,
606,text,白菜价,出,上午,还款,隔夜,1.2,+,1.2,E,,,,,,,,,,,,,,,,,,,,,,,,,,,,,,,,,,,,,,,,,
606,text,白菜价,出,上午还款,隔夜,1.2,+,1.2,E,,,,,,,,,,,,,,,,,,,,,,,,,,,,,,,,,,,,,,,,,
607,label,,side:2,tag:21,tlow,,,total,i_total,,,,,,,,,,,,,,,,,,,,,,,,,,,,,,,,,,,,,,,,,
636,text,借,在,账,隔夜,3800,万,,,,,,,,,,,,,,,,,,,,,,,,,,,,,,,,,,,,,,,,,,,,
636,text,借,在账,隔夜,3800,万,,,,,,,,,,,,,,,,,,,,,,,,,,,,,,,,,,,,,,,,,,,,
637,label,side:1,tag:20,tlow,total,i_total,,,,,,,,,,,,,,,,,,,,,,,,,,,,,,,,,,,,,,,,,,,,
638,text,换,隔夜,6300,万,压,AA,,,,,,,,,,,,,,,,,,,,,,,,,,,,,,,,,,,,,,,,,,,,
638,text,换,隔夜,6300,万,压AA,,,,,,,,,,,,,,,,,,,,,,,,,,,,,,,,,,,,,,,,,,,,
639,label,,tlow,total,i_total,tag:25,,,,,,,,,,,,,,,,,,,,,,,,,,,,,,,,,,,,,,,,,,,,
640,text,出,隔夜,4700w,上清,中债,都,可,，,押,AA,,,,,,,,,,,,,,,,,,,,,,,,,,,,,,,,,,,,,,,,
640,text,出,隔夜,4700w,上清,中债,都,可,，,押AA,,,,,,,,,,,,,,,,,,,,,,,,,,,,,,,,,,,,,,,,
641,label,side:2,tlow,total,tag:13,tag:12,,,,tag:25,,,,,,,,,,,,,,,,,,,,,,,,,,,,,,,,,,,,,,,,
642,text,出,在,账,1000w,隔夜,上午,还,,,,,,,,,,,,,,,,,,,,,,,,,,,,,,,,,,,,,,,,,,,
642,text,出,在账,1000w,隔夜,上午,还,,,,,,,,,,,,,,,,,,,,,,,,,,,,,,,,,,,,,,,,,,,
643,label,side:2,tag:20,total,tlow,,,,,,,,,,,,,,,,,,,,,,,,,,,,,,,,,,,,,,,,,,,,,
646,text,出,上清,隔夜,4000W,上午,还款,,,,,,,,,,,,,,,,,,,,,,,,,,,,,,,,,,,,,,,,,,,,
646,text,出,上清,隔夜,4000W,上午还款,,,,,,,,,,,,,,,,,,,,,,,,,,,,,,,,,,,,,,,,,,,,
647,label,side:2,tag:13,tlow,total,tag:21,,,,,,,,,,,,,,,,,,,,,,,,,,,,,,,,,,,,,,,,,,,,
648,text,出,隔夜,1.05,亿,AA+,不限,户,,,,,,,,,,,,,,,,,,,,,,,,,,,,,,,,,,,,,,,,,,,
648,text,出,隔夜,1.05,亿,AA+,不限户,,,,,,,,,,,,,,,,,,,,,,,,,,,,,,,,,,,,,,,,,,,
649,label,side:2,tlow,total,i_total,tag:11,tag:24,,,,,,,,,,,,,,,,,,,,,,,,,,,,,,,,,,,,,,,,,,,
654,text,出,3D,1.9,e,部分,在,账,,,,,,,,,,,,,,,,,,,,,,,,,,,,,,,,,,,,,,,,,,,
654,text,出,3D,1.9,e,部分,在账,,,,,,,,,,,,,,,,,,,,,,,,,,,,,,,,,,,,,,,,,,,
655,label,side:2,tlow,total,i_total,,tag:20,,,,,,,,,,,,,,,,,,,,,,,,,,,,,,,,,,,,,,,,,,,
666,text,出,隔夜,1.65,亿,押,AA,可,PPN,,,,,,,,,,,,,,,,,,,,,,,,,,,,,,,,,,,,,,,,,,
666,text,出,隔夜,1.65,亿,押AA,可,PPN,,,,,,,,,,,,,,,,,,,,,,,,,,,,,,,,,,,,,,,,,,
667,label,side:2,tlow,total,i_total,tag:25,,,,,,,,,,,,,,,,,,,,,,,,,,,,,,,,,,,,,,,,,,,,
668,text,出,7D,，,上午,还款,,,,,,,,,,,,,,,,,,,,,,,,,,,,,,,,,,,,,,,,,,,,,
668,text,出,7D,，,上午还款,,,,,,,,,,,,,,,,,,,,,,,,,,,,,,,,,,,,,,,,,,,,,
669,label,side:2,tlow,,tag:21,,,,,,,,,,,,,,,,,,,,,,,,,,,,,,,,,,,,,,,,,,,,,
688,text,出,隔夜,1000W,在,账,,,,,,,,,,,,,,,,,,,,,,,,,,,,,,,,,,,,,,,,,,,,,
688,text,出,隔夜,1000W,在账,,,,,,,,,,,,,,,,,,,,,,,,,,,,,,,,,,,,,,,,,,,,,
689,label,side:2,tlow,total,tag:20,,,,,,,,,,,,,,,,,,,,,,,,,,,,,,,,,,,,,,,,,,,,,
702,text,预约,出,下周一,上交所,协议回购,各种,期限,在,账,,,,,,,,,,,,,,,,,,,,,,,,,,,,,,,,,,,,,,,,,
702,text,预约,出,下周一,上交所,协议回购,各种,期限,在账,,,,,,,,,,,,,,,,,,,,,,,,,,,,,,,,,,,,,,,,,
703,label,,side:2,,,,,,tag:20,,,,,,,,,,,,,,,,,,,,,,,,,,,,,,,,,,,,,,,,,
710,text,出,隔夜,1600W,\,n,押,AA+,国企,,,,,,,,,,,,,,,,,,,,,,,,,,,,,,,,,,,,,,,,,,
710,text,出,隔夜,1600W,\,n,押AA+,国企,,,,,,,,,,,,,,,,,,,,,,,,,,,,,,,,,,,,,,,,,,
711,label,side:2,tlow,total,,,tag:25,,,,,,,,,,,,,,,,,,,,,,,,,,,,,,,,,,,,,,,,,,,
712,text,便宜,出,在,账,隔夜,,,,,,,,,,,,,,,,,,,,,,,,,,,,,,,,,,,,,,,,,,,,,
712,text,便宜,出,在账,隔夜,,,,,,,,,,,,,,,,,,,,,,,,,,,,,,,,,,,,,,,,,,,,,
713,label,,side:2,tag:20,tlow,,,,,,,,,,,,,,,,,,,,,,,,,,,,,,,,,,,,,,,,,,,,,
722,text,出,8,天,限,直连,押,AAA,上清,,,,,,,,,,,,,,,,,,,,,,,,,,,,,,,,,,,,,,,,,,
722,text,出,8,天,限直连,押AAA,上清,,,,,,,,,,,,,,,,,,,,,,,,,,,,,,,,,,,,,,,,,,
723,label,side:2,tlow,i_tlow,tag:19,tag:25,tag:13,,,,,,,,,,,,,,,,,,,,,,,,,,,,,,,,,,,,,,,,,,
726,text,出,14D,不限,户,8000W,,,,,,,,,,,,,,,,,,,,,,,,,,,,,,,,,,,,,,,,,,,,,
726,text,出,14D,不限户,8000W,,,,,,,,,,,,,,,,,,,,,,,,,,,,,,,,,,,,,,,,,,,,,
727,label,side:2,tlow,tag:24,total,,,,,,,,,,,,,,,,,,,,,,,,,,,,,,,,,,,,,,,,,,,,,
728,text,出,7d,整量,出,14d,整量,私募,类,账户,押券,AA+,出,4M,,,,,,,,,,,,,,,,,,,,,,,,,,,,,,,,,,,,,
728,text,出,7d,整量,出,14d,整量,私募,类,账户,押券AA+,出,4M,,,,,,,,,,,,,,,,,,,,,,,,,,,,,,,,,,,,,
729,label,side:2,tlow,,side:2,tlow,,,,,tag:25,side:2,tlow,,,,,,,,,,,,,,,,,,,,,,,,,,,,,,,,,,,,,
734,text,出,在,账,4,天,资金,，,农信,银行,，,上午,还款,,,,,,,,,,,,,,,,,,,,,,,,,,,,,,,,,,,,,,
734,text,出,在账,4,天,资金,，,农信,银行,，,上午还款,,,,,,,,,,,,,,,,,,,,,,,,,,,,,,,,,,,,,,
735,label,side:2,tag:20,tlow,i_tlow,,,tag:17,tag:16,,tag:21,,,,,,,,,,,,,,,,,,,,,,,,,,,,,,,,,,,,,,
736,text,出,32,天,资金,1,亿,，,上午,到,账,，,压,利率,，,要,的,小窗,,,,,,,,,,,,,,,,,,,,,,,,,,,,,,,,,
736,text,出,32,天,资金,1,亿,，,上午到账,，,压利率,，,要,的,小窗,,,,,,,,,,,,,,,,,,,,,,,,,,,,,,,,,
737,label,side:2,tlow,i_tlow,,total,i_total,,tag:20,,,tag:10,,,,,,,,,,,,,,,,,,,,,,,,,,,,,,,,,,,,,
740,text,出,1,-,3,天,1kw,押,AA+,,,,,,,,,,,,,,,,,,,,,,,,,,,,,,,,,,,,,,,,,,
740,text,出,1,-,3,天,1kw,押AA+,,,,,,,,,,,,,,,,,,,,,,,,,,,,,,,,,,,,,,,,,,
741,label,side:2,tlow,,thigh,i_thigh,total,tag:25,,,,,,,,,,,,,,,,,,,,,,,,,,,,,,,,,,,,,,,,,,
742,text,诚借,在,账,隔夜,资金,1.5,亿,,,,,,,,,,,,,,,,,,,,,,,,,,,,,,,,,,,,,,,,,,,
742,text,诚借,在账,隔夜,资金,1.5,亿,,,,,,,,,,,,,,,,,,,,,,,,,,,,,,,,,,,,,,,,,,,
743,label,side:1,tag:20,tlow,,total,i_total,,,,,,,,,,,,,,,,,,,,,,,,,,,,,,,,,,,,,,,,,,,
744,text,出,上午,还款,隔夜,2,亿,，,在,账,，,押,AA,国企,,,,,,,,,,,,,,,,,,,,,,,,,,,,,,,,,,,,,
744,text,出,上午还款,隔夜,2,亿,，,在账,，,押AA,国企,,,,,,,,,,,,,,,,,,,,,,,,,,,,,,,,,,,,,
745,label,side:2,tag:21,tlow,total,i_total,,tag:20,,tag:25,,,,,,,,,,,,,,,,,,,,,,,,,,,,,,,,,,,,,,
746,text,出,隔夜,，,2500,万,上午,还款,，,限非银,，,欢迎,小窗,~,,,,,,,,,,,,,,,,,,,,,,,,,,,,,,,,,,,,,
746,text,出,隔夜,，,2500,万,上午还款,，,限非银,，,欢迎,小窗,~,,,,,,,,,,,,,,,,,,,,,,,,,,,,,,,,,,,,,
747,label,side:2,tlow,,total,i_total,tag:21,,tag:18,,,,,,,,,,,,,,,,,,,,,,,,,,,,,,,,,,,,,,,,,
748,text,出,1,-,7D,4000w,不限,户,押利率,或,在,库,cd,,,,,,,,,,,,,,,,,,,,,,,,,,,,,,,,,,,,,,
748,text,出,1,-,7D,4000w,不限户,押利率,或,在,库,cd,,,,,,,,,,,,,,,,,,,,,,,,,,,,,,,,,,,,,,
749,label,side:2,tlow,,thigh,total,tag:24,tag:10,,,,,,,,,,,,,,,,,,,,,,,,,,,,,,,,,,,,,,,,,,
754,text,减点,诚借,隔夜,资金,1.3,亿,，,押利率,或,中债,AAA,，,上午,还款,,,,,,,,,,,,,,,,,,,,,,,,,,,,,,,,,,,,
754,text,减点,诚借,隔夜,资金,1.3,亿,，,押利率,或,中债,AAA,，,上午还款,,,,,,,,,,,,,,,,,,,,,,,,,,,,,,,,,,,,
755,label,price:3,side:1,tlow,,total,i_total,,tag:10,,tag:12,tag:11,,tag:21,,,,,,,,,,,,,,,,,,,,,,,,,,,,,,,,,,,,
768,text,出,8000W,，,10D,，,押中债,利率,，,限银行,农信,，,上午,还款,,,,,,,,,,,,,,,,,,,,,,,,,,,,,,,,,,,,,
768,text,出,8000W,，,10D,，,押中债,利率,，,限银行,农信,，,上午还款,,,,,,,,,,,,,,,,,,,,,,,,,,,,,,,,,,,,,
769,label,side:2,total,,tlow,,tag:12,tag:10,,tag:16,tag:17,,tag:21,,,,,,,,,,,,,,,,,,,,,,,,,,,,,,,,,,,,,
770,text,出,上午,还款,隔夜,2000,万,！,在,账,！,,,,,,,,,,,,,,,,,,,,,,,,,,,,,,,,,,,,,,,,
770,text,出,上午还款,隔夜,2000,万,！,在账,！,,,,,,,,,,,,,,,,,,,,,,,,,,,,,,,,,,,,,,,,
771,label,side:2,tag:21,tlow,total,i_total,,tag:20,,,,,,,,,,,,,,,,,,,,,,,,,,,,,,,,,,,,,,,,,
780,text,出,协议回购,1000,万,押,AA+,期限,18,天,以内,都,可以,,,,,,,,,,,,,,,,,,,,,,,,,,,,,,,,,,,,,,
780,text,出,协议回购,1000,万,押AA+,期限,18,天,以内,都,可以,,,,,,,,,,,,,,,,,,,,,,,,,,,,,,,,,,,,,,
781,label,side:2,,total,i_total,tag:25,,tlow,i_tlow,,,,,,,,,,,,,,,,,,,,,,,,,,,,,,,,,,,,,,,,,
790,text,借,在,账,或,早到,隔夜,1.8,亿,,,,,,,,,,,,,,,,,,,,,,,,,,,,,,,,,,,,,,,,,,
790,text,借,在账,或,早到,隔夜,1.8,亿,,,,,,,,,,,,,,,,,,,,,,,,,,,,,,,,,,,,,,,,,,
791,label,side:1,tag:20,,,tlow,total,i_total,,,,,,,,,,,,,,,,,,,,,,,,,,,,,,,,,,,,,,,,,,
794,text,出,15,-,16D,押券,AA,最后,3kw,,,,,,,,,,,,,,,,,,,,,,,,,,,,,,,,,,,,,,,,,,
794,text,出,15,-,16D,押券AA,最后,3kw,,,,,,,,,,,,,,,,,,,,,,,,,,,,,,,,,,,,,,,,,,
795,label,side:2,tlow,,thigh,tag:25,,total,,,,,,,,,,,,,,,,,,,,,,,,,,,,,,,,,,,,,,,,,,
796,text,甩,卖,中债,隔夜,2200,万,押,AA,,,,,,,,,,,,,,,,,,,,,,,,,,,,,,,,,,,,,,,,,,
796,text,甩,卖,中债,隔夜,2200,万,押AA,,,,,,,,,,,,,,,,,,,,,,,,,,,,,,,,,,,,,,,,,,
797,label,,,tag:12,tlow,total,i_total,tag:25,,,,,,,,,,,,,,,,,,,,,,,,,,,,,,,,,,,,,,,,,,
816,text,出,上清,隔夜,2000W,押券,AA,不限,户,可,拆,,,,,,,,,,,,,,,,,,,,,,,,,,,,,,,,,,,,,,,,
816,text,出,上清,隔夜,2000W,押券AA,不限户,可,拆,,,,,,,,,,,,,,,,,,,,,,,,,,,,,,,,,,,,,,,,
817,label,side:2,tag:13,tlow,total,tag:25,tag:24,,,,,,,,,,,,,,,,,,,,,,,,,,,,,,,,,,,,,,,,,,
824,text,出,在,账,隔夜,1000,万,押上清,aa,,,,,,,,,,,,,,,,,,,,,,,,,,,,,,,,,,,,,,,,,,
824,text,出,在账,隔夜,1000,万,押上清,aa,,,,,,,,,,,,,,,,,,,,,,,,,,,,,,,,,,,,,,,,,,
825,label,side:2,tag:20,tlow,total,i_total,tag:13,tag:11,,,,,,,,,,,,,,,,,,,,,,,,,,,,,,,,,,,,,,,,,,
828,text,出,7,-,9d,14d,押,aa,+,公募,自营,aa,,,,,,,,,,,,,,,,,,,,,,,,,,,,,,,,,,,,,,,
828,text,出,7,-,9d,14d,押AA,+,公募,自营,aa,,,,,,,,,,,,,,,,,,,,,,,,,,,,,,,,,,,,,,,
829,label,side:2,tlow,,thigh,tlow,tag:25,,,,tag:11,,,,,,,,,,,,,,,,,,,,,,,,,,,,,,,,,,,,,,,
830,text,出,7,-,14,天,500W,在,账,,,,,,,,,,,,,,,,,,,,,,,,,,,,,,,,,,,,,,,,,,
830,text,出,7,-,14,天,500W,在账,,,,,,,,,,,,,,,,,,,,,,,,,,,,,,,,,,,,,,,,,,
831,label,side:2,tlow,,thigh,i_thigh,total,tag:20,,,,,,,,,,,,,,,,,,,,,,,,,,,,,,,,,,,,,,,,,,
838,text,借,在,账,1,-,7D,2.24,亿,,,,,,,,,,,,,,,,,,,,,,,,,,,,,,,,,,,,,,,,,,
838,text,借,在账,1,-,7D,2.24,亿,,,,,,,,,,,,,,,,,,,,,,,,,,,,,,,,,,,,,,,,,,
839,label,side:1,tag:20,tlow,,thigh,total,i_total,,,,,,,,,,,,,,,,,,,,,,,,,,,,,,,,,,,,,,,,,,
844,text,一笔,出,隔夜,1E,在,账,哦,在,账,哦,/,托脸,,,,,,,,,,,,,,,,,,,,,,,,,,,,,,,,,,,,,,
844,text,一笔,出,隔夜,1E,在账,哦,在账,哦,/,托脸,,,,,,,,,,,,,,,,,,,,,,,,,,,,,,,,,,,,,,
845,label,,side:2,tlow,total,tag:20,,tag:20,,,,,,,,,,,,,,,,,,,,,,,,,,,,,,,,,,,,,,,,,
846,text,整量,出,在,帐,14d,欢迎,小窗,,,,,,,,,,,,,,,,,,,,,,,,,,,,,,,,,,,,,,,,,,,
846,text,整量,出,在帐,14d,欢迎,小窗,,,,,,,,,,,,,,,,,,,,,,,,,,,,,,,,,,,,,,,,,,,
847,label,,side:2,tag:20,tlow,,,,,,,,,,,,,,,,,,,,,,,,,,,,,,,,,,,,,,,,,,,,,
848,text,出,隔夜,6000w,，,压,利率,，,上午,还款,,,,,,,,,,,,,,,,,,,,,,,,,,,,,,,,,,,,,,,,,
848,text,出,隔夜,6000w,，,压利率,，,上午还款,,,,,,,,,,,,,,,,,,,,,,,,,,,,,,,,,,,,,,,,,
849,label,side:2,tlow,total,,tag:10,,tag:21,,,,,,,,,,,,,,,,,,,,,,,,,,,,,,,,,,,,,,,,,
850,text,出,隔夜,0.48,亿,，,押券宽松,~,要求,上午,还款,~,,,,,,,,,,,,,,,,,,,,,,,,,,,,,,,,,,,,,,,
850,text,出,隔夜,0.48,亿,，,押券宽松,~,要求,上午还款,~,,,,,,,,,,,,,,,,,,,,,,,,,,,,,,,,,,,,,,,
851,label,side:2,tlow,total,i_total,,tag:23,,,tag:21,,,,,,,,,,,,,,,,,,,,,,,,,,,,,,,,,,,,,,,,
854,text,出,跨,春节,8000,万,，,限户,押,AAA,或,AA+,CD,和,CP,,,,,,,,,,,,,,,,,,,,,,,,,,,,,,,,,,,,
854,text,出,跨,春节,8000,万,，,限户,押AAA,或,AA+,CD,和,CP,,,,,,,,,,,,,,,,,,,,,,,,,,,,,,,,,,,,
855,label,side:2,,,total,i_total,,,tag:25,,tag:11,,,,,,,,,,,,,,,,,,,,,,,,,,,,,,,,,,,,,,,
872,text,出,7D,14D,押,AA+,CD,或,AAA,信用,（,需对券,）,,,,,,,,,,,,,,,,,,,,,,,,,,,,,,,,,,,,,,
872,text,出,7D,14D,押AA+,CD,或,AAA,信用,（,需对券,）,,,,,,,,,,,,,,,,,,,,,,,,,,,,,,,,,,,,,,
873,label,side:2,tlow,tlow,tag:25,,,tag:11,tag:11,,,,,,,,,,,,,,,,,,,,,,,,,,,,,,,,,,,,,,,,,
886,text,出,上清,隔夜,2000W,上午,还款,出,上清,隔夜,1500W,正常,还款,押券宽松,~,,,,,,,,,,,,,,,,,,,,,,,,,,,,,,,,,,,,
886,text,出,上清,隔夜,2000W,上午还款,出,上清,隔夜,1500W,正常,还款,押券宽松,~,,,,,,,,,,,,,,,,,,,,,,,,,,,,,,,,,,,,
887,label,side:2,tag:13,tlow,total,tag:21,side:2,tag:13,tlow,total,,tag:21,tag:23,,,,,,,,,,,,,,,,,,,,,,,,,,,,,,,,,,,,,
892,text,出,7,-,10,天,压,AA+,,,,,,,,,,,,,,,,,,,,,,,,,,,,,,,,,,,,,,,,,,,
892,text,出,7,-,10,天,压AA+,,,,,,,,,,,,,,,,,,,,,,,,,,,,,,,,,,,,,,,,,,,
893,label,side:2,tlow,,thigh,i_thigh,tag:25,,,,,,,,,,,,,,,,,,,,,,,,,,,,,,,,,,,,,,,,,,,
902,text,出,隔夜,在,账,,,,,,,,,,,,,,,,,,,,,,,,,,,,,,,,,,,,,,,,,,,,,,
902,text,出,隔夜,在账,,,,,,,,,,,,,,,,,,,,,,,,,,,,,,,,,,,,,,,,,,,,,,
903,label,side:2,tlow,tag:20,,,,,,,,,,,,,,,,,,,,,,,,,,,,,,,,,,,,,,,,,,,,,,
912,text,出,在,帐,6D,1E,,,,,,,,,,,,,,,,,,,,,,,,,,,,,,,,,,,,,,,,,,,,,
912,text,出,在帐,6D,1E,,,,,,,,,,,,,,,,,,,,,,,,,,,,,,,,,,,,,,,,,,,,,
913,label,side:2,tag:20,tlow,total,,,,,,,,,,,,,,,,,,,,,,,,,,,,,,,,,,,,,,,,,,,,,
920,text,出,隔夜,3000W,~,押利率,在,账,秒,到,。,限银行,、,农信,,,,,,,,,,,,,,,,,,,,,,,,,,,,,,,,,,,,,
920,text,出,隔夜,3000W,~,押利率,在账,秒,到,。,限银行,、,农信,,,,,,,,,,,,,,,,,,,,,,,,,,,,,,,,,,,,,
921,label,side:2,tlow,total,,tag:10,tag:20,,,,tag:16,,tag:17,,,,,,,,,,,,,,,,,,,,,,,,,,,,,,,,,,,,,
924,text,出,渣渣量,出,1760w,1,-,7D,在,账,限,上清,,,,,,,,,,,,,,,,,,,,,,,,,,,,,,,,,,,,,,,
924,text,出,渣渣量,出,1760w,1,-,7D,在账,限,上清,,,,,,,,,,,,,,,,,,,,,,,,,,,,,,,,,,,,,,,
925,label,side:2,,side:2,,tlow,,thigh,tag:20,,tag:13,,,,,,,,,,,,,,,,,,,,,,,,,,,,,,,,,,,,,,,
926,text,借,隔夜,资金,6,千万,中债,押,3A,^,^,^,,,,,,,,,,,,,,,,,,,,,,,,,,,,,,,,,,,,,,,
926,text,借,隔夜,资金,6,千万,中债,押3A,^,^,^,,,,,,,,,,,,,,,,,,,,,,,,,,,,,,,,,,,,,,,
927,label,side:1,tlow,,total,i_total,,tag:25,,,,,,,,,,,,,,,,,,,,,,,,,,,,,,,,,,,,,,,,,,
928,text,v,出,上午,还款,隔夜,欢迎,匹配,\,n,出,2,-,5d,欢迎,匹配,,,,,,,,,,,,,,,,,,,,,,,,,,,,,,,,,,,
928,text,v,出,上午还款,隔夜,欢迎,匹配,\,n,出,2,-,5d,欢迎,匹配,,,,,,,,,,,,,,,,,,,,,,,,,,,,,,,,,,,
929,label,,side:2,tag:21,tlow,,,,,side:2,tlow,,thigh,,,,,,,,,,,,,,,,,,,,,,,,,,,,,,,,,,,,,
932,text,专户,借,7D4000W,。,押,AA+,,,,,,,,,,,,,,,,,,,,,,,,,,,,,,,,,,,,,,,,,,,,
932,text,专户,借,7D4000W,。,押AA+,,,,,,,,,,,,,,,,,,,,,,,,,,,,,,,,,,,,,,,,,,,,
933,label,,side:1,,,tag:25,,,,,,,,,,,,,,,,,,,,,,,,,,,,,,,,,,,,,,,,,,,,
940,text,出,上清,dvp,在,账,隔夜,1500w,,,,,,,,,,,,,,,,,,,,,,,,,,,,,,,,,,,,,,,,,,,
940,text,出,上清,dvp,在账,隔夜,1500w,,,,,,,,,,,,,,,,,,,,,,,,,,,,,,,,,,,,,,,,,,,
941,label,side:2,tag:13,,tag:20,tlow,total,,,,,,,,,,,,,,,,,,,,,,,,,,,,,,,,,,,,,,,,,,,
948,text,便宜,出出,协回,7D,押,aa,不限,户,,,,,,,,,,,,,,,,,,,,,,,,,,,,,,,,,,,,,,,,,,
948,text,便宜,出出,协回,7D,押AA,不限户,,,,,,,,,,,,,,,,,,,,,,,,,,,,,,,,,,,,,,,,,,
949,label,,side:2,,tlow,tag:25,tag:24,,,,,,,,,,,,,,,,,,,,,,,,,,,,,,,,,,,,,,,,,,
958,text,出,隔夜,1000w,，,上午,还款,,,,,,,,,,,,,,,,,,,,,,,,,,,,,,,,,,,,,,,,,,,,
958,text,出,隔夜,1000w,，,上午还款,,,,,,,,,,,,,,,,,,,,,,,,,,,,,,,,,,,,,,,,,,,,
959,label,side:2,tlow,total,,tag:21,,,,,,,,,,,,,,,,,,,,,,,,,,,,,,,,,,,,,,,,,,,,
970,text,出,42,天,加权,押利率,，,限,直连,,,,,,,,,,,,,,,,,,,,,,,,,,,,,,,,,,,,,,,,,,
970,text,出,42,天,加权,押利率,，,限直连,,,,,,,,,,,,,,,,,,,,,,,,,,,,,,,,,,,,,,,,,,
971,label,side:2,tlow,i_tlow,price:1,tag:10,,tag:19,,,,,,,,,,,,,,,,,,,,,,,,,,,,,,,,,,,,,,,,,,
978,text,出,8500w,14D,在,账,,,,,,,,,,,,,,,,,,,,,,,,,,,,,,,,,,,,,,,,,,,,,
978,text,出,8500w,14D,在账,,,,,,,,,,,,,,,,,,,,,,,,,,,,,,,,,,,,,,,,,,,,,
979,label,side:2,total,tlow,tag:20,,,,,,,,,,,,,,,,,,,,,,,,,,,,,,,,,,,,,,,,,,,,,
990,text,出,在,账,隔夜,5000W,押利率,，,早,还款,。,,,,,,,,,,,,,,,,,,,,,,,,,,,,,,,,,,,,,,,,
990,text,出,在账,隔夜,5000W,押利率,，,早,还款,。,,,,,,,,,,,,,,,,,,,,,,,,,,,,,,,,,,,,,,,,
991,label,side:2,tag:20,tlow,total,tag:10,,,tag:21,,,,,,,,,,,,,,,,,,,,,,,,,,,,,,,,,,,,,,,,,
996,text,出,跨,年,40D,以上,押,AA+,不限,户,,,,,,,,,,,,,,,,,,,,,,,,,,,,,,,,,,,,,,,,,
996,text,出,跨,年,40D,以上,押AA+,不限户,,,,,,,,,,,,,,,,,,,,,,,,,,,,,,,,,,,,,,,,,
997,label,side:2,,,,,tag:25,tag:24,,,,,,,,,,,,,,,,,,,,,,,,,,,,,,,,,,,,,,,,,
1030,text,出,7D,14D,800w,押,AA+,,,,,,,,,,,,,,,,,,,,,,,,,,,,,,,,,,,,,,,,,,,,
1030,text,出,7D,14D,800w,押AA+,,,,,,,,,,,,,,,,,,,,,,,,,,,,,,,,,,,,,,,,,,,,
1031,label,side:2,tlow,tlow,total,tag:25,,,,,,,,,,,,,,,,,,,,,,,,,,,,,,,,,,,,,,,,,,,,
1038,text,加权,出,隔夜,上午,还款,限,直连,,,,,,,,,,,,,,,,,,,,,,,,,,,,,,,,,,,,,,,,,,,
1038,text,加权,出,隔夜,上午还款,限直连,,,,,,,,,,,,,,,,,,,,,,,,,,,,,,,,,,,,,,,,,,,
1039,label,price:1,side:2,tlow,tag:21,tag:19,,,,,,,,,,,,,,,,,,,,,,,,,,,,,,,,,,,,,,,,,,,
1056,text,出,中债,隔夜,要求,上午,还款,押,AA,国企,,,,,,,,,,,,,,,,,,,,,,,,,,,,,,,,,,,,,,,,,
1056,text,出,中债,隔夜,要求,上午还款,押AA,国企,,,,,,,,,,,,,,,,,,,,,,,,,,,,,,,,,,,,,,,,,
1057,label,side:2,tag:12,tlow,,tag:21,tag:25,,,,,,,,,,,,,,,,,,,,,,,,,,,,,,,,,,,,,,,,,,
1068,text,出,隔夜,1,亿,，,押,AA+,以上,,,,,,,,,,,,,,,,,,,,,,,,,,,,,,,,,,,,,,,,,,
1068,text,出,隔夜,1,亿,，,押AA+,以上,,,,,,,,,,,,,,,,,,,,,,,,,,,,,,,,,,,,,,,,,,
1069,label,side:2,tlow,total,i_total,,tag:25,,,,,,,,,,,,,,,,,,,,,,,,,,,,,,,,,,,,,,,,,,,
1078,text,出,在,账,隔夜,1900w,押中债,，,要求,上午,还款,，,关谷,君快,来,找,我,呀,,,,,,,,,,,,,,,,,,,,,,,,,,,,,,,,,
1078,text,出,在账,隔夜,1900w,押中债,，,要求,上午还款,，,关谷,君快,来,找,我,呀,,,,,,,,,,,,,,,,,,,,,,,,,,,,,,,,,
1079,label,side:2,tag:20,tlow,total,tag:12,,,tag:21,,,,,,,,,,,,,,,,,,,,,,,,,,,,,,,,,,,,,,,,
1082,text,出,上清,7d,1700w,不限,户,押,AA,,,,,,,,,,,,,,,,,,,,,,,,,,,,,,,,,,,,,,,,,,
1082,text,出,上清,7d,1700w,不限户,押AA,,,,,,,,,,,,,,,,,,,,,,,,,,,,,,,,,,,,,,,,,,
1083,label,side:2,tag:13,tlow,total,tag:24,tag:25,,,,,,,,,,,,,,,,,,,,,,,,,,,,,,,,,,,,,,,,,,
1084,text,出,隔夜,押,2A,国企,1e,+,1.4,e,,,,,,,,,,,,,,,,,,,,,,,,,,,,,,,,,,,,,,,,,
1084,text,出,隔夜,押2A,国企,1e,+,1.4,e,,,,,,,,,,,,,,,,,,,,,,,,,,,,,,,,,,,,,,,,,
1085,label,side:2,tlow,tag:25,,total,,total,i_total,,,,,,,,,,,,,,,,,,,,,,,,,,,,,,,,,,,,,,,,,
1092,text,出,7D,-,14D,整量,。,。,不限,户,、,、,押,AA,\,n,出,7D,3000W,押,AA+,,,,,,,,,,,,,,,,,,,,,,,,,,,,,,
1092,text,出,7D,-,14D,整量,。,。,不限户,、,、,押AA,\,n,出,7D,3000W,押AA+,,,,,,,,,,,,,,,,,,,,,,,,,,,,,,
1093,label,side:2,tlow,,thigh,,,,tag:24,,,tag:25,,,side:2,tlow,total,tag:25,,,,,,,,,,,,,,,,,,,,,,,,,,,,,,
1096,text,借,5000W,隔夜,3,点前,还款,,,,,,,,,,,,,,,,,,,,,,,,,,,,,,,,,,,,,,,,,,,,
1096,text,借,5000W,隔夜,3点前还款,,,,,,,,,,,,,,,,,,,,,,,,,,,,,,,,,,,,,,,,,,,,
1097,label,side:1,total,tlow,tag:21,,,,,,,,,,,,,,,,,,,,,,,,,,,,,,,,,,,,,,,,,,,,
1100,text,出,7,-,14,天,4000w,在,账,公募,aa,,,,,,,,,,,,,,,,,,,,,,,,,,,,,,,,,,,,,,,,
1100,text,出,7,-,14,天,4000w,在账,公募,aa,,,,,,,,,,,,,,,,,,,,,,,,,,,,,,,,,,,,,,,,
1101,label,side:2,tlow,,thigh,i_thigh,total,tag:20,,tag:11,,,,,,,,,,,,,,,,,,,,,,,,,,,,,,,,,,,,,,,,
1102,text,出,在,账,6d,1500w,~,~,~,~,,,,,,,,,,,,,,,,,,,,,,,,,,,,,,,,,,,,,,,,,
1102,text,出,在账,6d,1500w,~,~,~,~,,,,,,,,,,,,,,,,,,,,,,,,,,,,,,,,,,,,,,,,,
1103,label,side:2,tag:20,tlow,total,,,,,,,,,,,,,,,,,,,,,,,,,,,,,,,,,,,,,,,,,,,,,
1110,text,出,上午,还款,隔夜,5000,万,\,n7,天,1000,万,,,,,,,,,,,,,,,,,,,,,,,,,,,,,,,,,,,,,,,
1110,text,出,上午还款,隔夜,5000,万,\,n7,天,1000,万,,,,,,,,,,,,,,,,,,,,,,,,,,,,,,,,,,,,,,,
1111,label,side:2,tag:21,tlow,total,i_total,,tlow,i_tlow,total,i_total,,,,,,,,,,,,,,,,,,,,,,,,,,,,,,,,,,,,,,,
1120,text,借,在,账,隔夜,5000,万,，,押,AAA,存单,，,上午,还款,,,,,,,,,,,,,,,,,,,,,,,,,,,,,,,,,,,,,
1120,text,借,在账,隔夜,5000,万,，,押AAA,存单,，,上午还款,,,,,,,,,,,,,,,,,,,,,,,,,,,,,,,,,,,,,
1121,label,side:1,tag:20,tlow,total,i_total,,tag:25,tag:14,,tag:21,,,,,,,,,,,,,,,,,,,,,,,,,,,,,,,,,,,,,
1122,text,出,协议回购,7D,1,-,2M,压公募,债,AA+,/,AAA,；,\,n,出,银行间,7,天,-,14,天,压,AA+,CD,/,AA+,信用债,/,AAA,信用债,/,利率,整量,起,！,,,,,,,,,,,,,,,
1122,text,出,协议回购,7D,1,-,2M,压公募,债,AA+,/,AAA,；,\,n,出,银行间,7,天,-,14,天,压AA+,CD,/,AA+,信用债,/,AAA,信用债,/,利率,整量,起,！,,,,,,,,,,,,,,,
1123,label,side:2,,tlow,,,tlow,,,tag:11,,tag:11,,,,side:2,,tlow,i_tlow,,thigh,i_thigh,tag:25,,,tag:11,,,tag:11,,,tag:10,,,,,,,,,,,,,,,,,,
1124,text,诚借,2000W,在,账,隔夜,资金,,,,,,,,,,,,,,,,,,,,,,,,,,,,,,,,,,,,,,,,,,,,
1124,text,诚借,2000W,在账,隔夜,资金,,,,,,,,,,,,,,,,,,,,,,,,,,,,,,,,,,,,,,,,,,,,
1125,label,side:1,total,tag:20,tlow,,,,,,,,,,,,,,,,,,,,,,,,,,,,,,,,,,,,,,,,,,,,,
1126,text,出,隔夜,中债,1E,押,AA,15,:,30,还款,,,,,,,,,,,,,,,,,,,,,,,,,,,,,,,,,,,,,,,,
1126,text,出,隔夜,中债,1E,押AA,15,:,30,还款,,,,,,,,,,,,,,,,,,,,,,,,,,,,,,,,,,,,,,,,
1127,label,side:2,tlow,tag:12,total,tag:25,,,total,,,,,,,,,,,,,,,,,,,,,,,,,,,,,,,,,,,,,,,,,
1128,text,出,4000w,2d,押,AA+,存单,,,,,,,,,,,,,,,,,,,,,,,,,,,,,,,,,,,,,,,,,,,,
1128,text,出,4000w,2d,押AA+,存单,,,,,,,,,,,,,,,,,,,,,,,,,,,,,,,,,,,,,,,,,,,,
1129,label,side:2,total,tlow,tag:25,tag:14,,,,,,,,,,,,,,,,,,,,,,,,,,,,,,,,,,,,,,,,,,,,
1130,text,出,6500W,7D,限户,押,AA+,,,,,,,,,,,,,,,,,,,,,,,,,,,,,,,,,,,,,,,,,,,,
1130,text,出,6500W,7D,限户,押AA+,,,,,,,,,,,,,,,,,,,,,,,,,,,,,,,,,,,,,,,,,,,,
1131,label,side:2,total,tlow,,tag:25,,,,,,,,,,,,,,,,,,,,,,,,,,,,,,,,,,,,,,,,,,,,
1132,text,换,7,天,资金,，,要求,压,利率,，,欢迎,小窗,,,,,,,,,,,,,,,,,,,,,,,,,,,,,,,,,,,,,,,
1132,text,换,7,天,资金,，,要求,压利率,，,欢迎,小窗,,,,,,,,,,,,,,,,,,,,,,,,,,,,,,,,,,,,,,,
1133,label,,tlow,i_tlow,,,,tag:10,,,,,,,,,,,,,,,,,,,,,,,,,,,,,,,,,,,,,,,,,,
1138,text,出,隔夜,3800w,+,1700w,不限,户,宽松,,,,,,,,,,,,,,,,,,,,,,,,,,,,,,,,,,,,,,,,,,
1138,text,出,隔夜,3800w,+,1700w,不限户,宽松,,,,,,,,,,,,,,,,,,,,,,,,,,,,,,,,,,,,,,,,,,
1139,label,side:2,tlow,total,,total,tag:24,tag:23,,,,,,,,,,,,,,,,,,,,,,,,,,,,,,,,,,,,,,,,,,
1160,text,甩,卖,中债,隔夜,3500w,（,可,拆,）,3,点前,还款,！,！,！,，,求,小窗,，,求抖,~,~,,,,,,,,,,,,,,,,,,,,,,,,,,,,
1160,text,甩,卖,中债,隔夜,3500w,（,可,拆,）,3点前还款,！,！,！,，,求,小窗,，,求抖,~,~,,,,,,,,,,,,,,,,,,,,,,,,,,,,
1161,label,,,tag:12,tlow,total,,,,,tag:21,,,,,,,,,,,,,,,,,,,,,,,,,,,,,,,,,,,,,,
1166,text,出,上清,7D,1.46,E,+,2000W,，,押,AA+,非,永续,,,,,,,,,,,,,,,,,,,,,,,,,,,,,,,,,,,,,,
1166,text,出,上清,7D,1.46,E,+,2000W,，,押AA+,非,永续,,,,,,,,,,,,,,,,,,,,,,,,,,,,,,,,,,,,,,
1167,label,side:2,tag:13,tlow,total,i_total,,total,,tag:25,,,,,,,,,,,,,,,,,,,,,,,,,,,,,,,,,,,,,,,,
1172,text,诚借,上清,隔夜,5000W,，,押,AA+,存单,\,n,诚借,上清,隔夜,或,7,天,1.9,E,，,押,PPN,,,,,,,,,,,,,,,,,,,,,,,,,,,,,
1172,text,诚借,上清,隔夜,5000W,，,押AA+,存单,\,n,诚借,上清,隔夜,或,7,天,1.9,E,，,押,PPN,,,,,,,,,,,,,,,,,,,,,,,,,,,,,
1173,label,side:1,tag:13,tlow,total,,tag:25,tag:14,,,side:1,tag:13,tlow,,tlow,i_tlow,total,i_total,,mode:102,,,,,,,,,,,,,,,,,,,,,,,,,,,,,,
1180,text,出,7,天,押,AA,,,,,,,,,,,,,,,,,,,,,,,,,,,,,,,,,,,,,,,,,,,,,
1180,text,出,7,天,押AA,,,,,,,,,,,,,,,,,,,,,,,,,,,,,,,,,,,,,,,,,,,,,
1181,label,side:2,tlow,i_tlow,tag:25,,,,,,,,,,,,,,,,,,,,,,,,,,,,,,,,,,,,,,,,,,,,,
1182,text,出,隔夜,秒,到,可,买断,押券,AA+,信用,或,AA,信用,或,利率,,,,,,,,,,,,,,,,,,,,,,,,,,,,,,,,,,,,
1182,text,出,隔夜,秒,到,可,买断,押券AA+,信用,或,AA,信用,或,利率,,,,,,,,,,,,,,,,,,,,,,,,,,,,,,,,,,,,
1183,label,side:2,tlow,,,,mode:103,tag:25,tag:11,,tag:11,tag:11,,tag:10,,,,,,,,,,,,,,,,,,,,,,,,,,,,,,,,,,,,
1184,text,出,13,天,1,亿,，,压,利率,，,上午,还款,，,欢迎,小窗,,,,,,,,,,,,,,,,,,,,,,,,,,,,,,,,,,,,
1184,text,出,13,天,1,亿,，,压利率,，,上午还款,，,欢迎,小窗,,,,,,,,,,,,,,,,,,,,,,,,,,,,,,,,,,,,
1185,label,side:2,tlow,i_tlow,total,i_total,,tag:10,,tag:21,,,,,,,,,,,,,,,,,,,,,,,,,,,,,,,,,,,,,,,
1186,text,出,1M,押,AAA,带价,来询,,,,,,,,,,,,,,,,,,,,,,,,,,,,,,,,,,,,,,,,,,,,
1186,text,出,1M,押AAA,带价,来询,,,,,,,,,,,,,,,,,,,,,,,,,,,,,,,,,,,,,,,,,,,,
1187,label,side:2,tlow,tag:25,,,,,,,,,,,,,,,,,,,,,,,,,,,,,,,,,,,,,,,,,,,,,,
1192,text,出,中债,ｄ,ｖ,ｐ,在,账,７,ｄ,３,０,０,０,ｗ,～,,,,,,,,,,,,,,,,,,,,,,,,,,,,,,,,,,,
1192,text,出,中债,ｄ,ｖ,ｐ,在账,７,ｄ,３,０,０,０,ｗ,～,,,,,,,,,,,,,,,,,,,,,,,,,,,,,,,,,,,
1193,label,side:2,tag:12,,,,tag:20,,,,,,total,i_total,,,,,,,,,,,,,,,,,,,,,,,,,,,,,,,,,,,,
1204,text,出,4,-,7,天,私募,类,账户,填表,押,AAA,公募,自营,押,AA,,,,,,,,,,,,,,,,,,,,,,,,,,,,,,,,,,,
1204,text,出,4,-,7,天,私募,类,账户,填表,押AAA,公募,自营,押AA,,,,,,,,,,,,,,,,,,,,,,,,,,,,,,,,,,,
1205,label,side:2,tlow,,thigh,i_thigh,,,,,tag:25,,,tag:25,,,,,,,,,,,,,,,,,,,,,,,,,,,,,,,,,,,
1206,text,减点,出,在,账,隔夜,5000,万,押利率,,,,,,,,,,,,,,,,,,,,,,,,,,,,,,,,,,,,,,,,,,
1206,text,减点,出,在账,隔夜,5000,万,押利率,,,,,,,,,,,,,,,,,,,,,,,,,,,,,,,,,,,,,,,,,,
1207,label,price:3,side:2,tag:20,tlow,total,i_total,tag:10,,,,,,,,,,,,,,,,,,,,,,,,,,,,,,,,,,,,,,,,,,
1222,text,出,在,账,1M,,,,,,,,,,,,,,,,,,,,,,,,,,,,,,,,,,,,,,,,,,,,,,
1222,text,出,在账,1M,,,,,,,,,,,,,,,,,,,,,,,,,,,,,,,,,,,,,,,,,,,,,,
1223,label,side:2,tag:20,tlow,,,,,,,,,,,,,,,,,,,,,,,,,,,,,,,,,,,,,,,,,,,,,,
1232,text,出,隔夜,1500,万,，,上午,还款,，,农信,银行,,,,,,,,,,,,,,,,,,,,,,,,,,,,,,,,,,,,,,,,
1232,text,出,隔夜,1500,万,，,上午还款,，,农信,银行,,,,,,,,,,,,,,,,,,,,,,,,,,,,,,,,,,,,,,,,
1233,label,side:2,tlow,total,i_total,,tag:21,,,,,,,,,,,,,,,,,,,,,,,,,,,,,,,,,,,,,,,,,,,
1234,text,出,5d,1,亿在,账,押券宽松,不限,户,,,,,,,,,,,,,,,,,,,,,,,,,,,,,,,,,,,,,,,,,,
1234,text,出,5d,1,亿,在账,押券宽松,不限户,,,,,,,,,,,,,,,,,,,,,,,,,,,,,,,,,,,,,,,,,,
1235,label,side:2,tlow,total,i_total,tag:20,tag:23,tag:24,,,,,,,,,,,,,,,,,,,,,,,,,,,,,,,,,,,,,,,,,,
1244,text,出,在,账,隔夜,/,7d,1000w,，,押上清,AA+,,,,,,,,,,,,,,,,,,,,,,,,,,,,,,,,,,,,,,,,
1244,text,出,在账,隔夜,/,7d,1000w,，,押上清,AA+,,,,,,,,,,,,,,,,,,,,,,,,,,,,,,,,,,,,,,,,
1245,label,side:2,tag:20,tlow,,tlow,total,,tag:13,tag:11,,,,,,,,,,,,,,,,,,,,,,,,,,,,,,,,,,,,,,,,
1248,text,借,14,天,，,压,AA,国企,,,,,,,,,,,,,,,,,,,,,,,,,,,,,,,,,,,,,,,,,,,
1248,text,借,14,天,，,压AA,国企,,,,,,,,,,,,,,,,,,,,,,,,,,,,,,,,,,,,,,,,,,,
1249,label,side:1,tlow,i_tlow,,tag:25,,,,,,,,,,,,,,,,,,,,,,,,,,,,,,,,,,,,,,,,,,,,
1250,text,出,7D,5400W,押,AA+,,,,,,,,,,,,,,,,,,,,,,,,,,,,,,,,,,,,,,,,,,,,,
1250,text,出,7D,5400W,押AA+,,,,,,,,,,,,,,,,,,,,,,,,,,,,,,,,,,,,,,,,,,,,,
1251,label,side:2,tlow,,tag:25,,,,,,,,,,,,,,,,,,,,,,,,,,,,,,,,,,,,,,,,,,,,,
1260,text,秒,到,秒,到,超限,出,在,账,1,亿,中债,资金,，,14D,以上,，,要求,押,AAA,或者,利率,，,4,点,之前,还款,,,,,,,,,,,,,,,,,,,,,,,,
1260,text,秒,到,秒,到,超限,出,在账,1,亿,中债,资金,，,14D,以上,，,要求,押AAA,或者,利率,，,4,点,之前,还款,,,,,,,,,,,,,,,,,,,,,,,,
1261,label,,,,,,side:2,tag:20,total,i_total,tag:12,,,tlow,,,,tag:25,,tag:10,,,,,tag:21,,,,,,,,,,,,,,,,,,,,,,,,
1268,text,出,在,账,隔夜,3000,万,，,押利率,，,欢迎,小窗,~,,,,,,,,,,,,,,,,,,,,,,,,,,,,,,,,,,,,,,
1268,text,出,在账,隔夜,3000,万,，,押利率,，,欢迎,小窗,~,,,,,,,,,,,,,,,,,,,,,,,,,,,,,,,,,,,,,,
1269,label,side:2,tag:20,tlow,total,i_total,,tag:10,,,,,,,,,,,,,,,,,,,,,,,,,,,,,,,,,,,,,,,,,,
1290,text,出,隔夜,1.3,亿,中债,aa,不限,户,\,n,出,上清,隔夜,2000w,，,限户,或者,填表,,,,,,,,,,,,,,,,,,,,,,,,,,,,,,,,
1290,text,出,隔夜,1.3,亿,中债,aa,不限户,\,n,出,上清,隔夜,2000w,，,限户,或者,填表,,,,,,,,,,,,,,,,,,,,,,,,,,,,,,,,
1291,label,side:2,tlow,total,i_total,tag:12,tag:11,tag:24,,,side:2,tag:13,tlow,total,,,,,,,,,,,,,,,,,,,,,,,,,,,,,,,,,,,,
1300,text,出,在,账,秒,到,2000W,，,押利率,~,,,,,,,,,,,,,,,,,,,,,,,,,,,,,,,,,,,,,,,,,
1300,text,出,在账,秒,到,2000W,，,押利率,~,,,,,,,,,,,,,,,,,,,,,,,,,,,,,,,,,,,,,,,,,
1301,label,side:2,tag:20,,,total,,tag:10,,,,,,,,,,,,,,,,,,,,,,,,,,,,,,,,,,,,,,,,,,
1308,text,便宜,出,在,账,2,天,3,亿,押,AA+,存单,,,,,,,,,,,,,,,,,,,,,,,,,,,,,,,,,,,,,,,
1308,text,便宜,出,在账,2,天,3,亿,押AA+,存单,,,,,,,,,,,,,,,,,,,,,,,,,,,,,,,,,,,,,,,
1309,label,,side:2,tag:20,tlow,i_tlow,total,i_total,tag:25,tag:14,,,,,,,,,,,,,,,,,,,,,,,,,,,,,,,,,,,,,,,
1322,text,出,0.3,亿元,，,21,天,-,2,个,月,，,押,AA+,,,,,,,,,,,,,,,,,,,,,,,,,,,,,,,,,,,,,
1322,text,出,0.3,亿元,，,21,天,-,2,个,月,，,押AA+,,,,,,,,,,,,,,,,,,,,,,,,,,,,,,,,,,,,,
1323,label,side:2,total,i_total,,tlow,i_tlow,,,,,,tag:25,,,,,,,,,,,,,,,,,,,,,,,,,,,,,,,,,,,,,
1338,text,出,在,账,隔夜,中债,5k,+,6k,上午,还款,,,,,,,,,,,,,,,,,,,,,,,,,,,,,,,,,,,,,,,,
1338,text,出,在账,隔夜,中债,5k,+,6k,上午还款,,,,,,,,,,,,,,,,,,,,,,,,,,,,,,,,,,,,,,,,
1339,label,side:2,tag:20,tlow,tag:12,total,,,tag:21,,,,,,,,,,,,,,,,,,,,,,,,,,,,,,,,,,,,,,,,
1354,text,求借,在,帐,7D,～,0.8,～,,,,,,,,,,,,,,,,,,,,,,,,,,,,,,,,,,,,,,,,,,,
1354,text,求借,在帐,7D,～,0.8,～,,,,,,,,,,,,,,,,,,,,,,,,,,,,,,,,,,,,,,,,,,,
1355,label,,tag:20,tlow,,,,,,,,,,,,,,,,,,,,,,,,,,,,,,,,,,,,,,,,,,,,,,
1362,text,公募,户,借,在,帐,7,天,5000W,+,4000W,,,,,,,,,,,,,,,,,,,,,,,,,,,,,,,,,,,,,,,,
1362,text,公募,户,借,在帐,7,天,5000W,+,4000W,,,,,,,,,,,,,,,,,,,,,,,,,,,,,,,,,,,,,,,,
1363,label,,,side:1,tag:20,tlow,i_tlow,total,,total,,,,,,,,,,,,,,,,,,,,,,,,,,,,,,,,,,,,,,,,
1364,text,出,在,账,隔夜,7000,万,押利率,上午,还款,,,,,,,,,,,,,,,,,,,,,,,,,,,,,,,,,,,,,,,,,
1364,text,出,在账,隔夜,7000,万,押利率,上午还款,,,,,,,,,,,,,,,,,,,,,,,,,,,,,,,,,,,,,,,,,
1365,label,side:2,tag:20,tlow,total,i_total,tag:10,tag:21,,,,,,,,,,,,,,,,,,,,,,,,,,,,,,,,,,,,,,,,,
1368,text,出,上午,还款,！,3500,万,,,,,,,,,,,,,,,,,,,,,,,,,,,,,,,,,,,,,,,,,,,,
1368,text,出,上午还款,！,3500,万,,,,,,,,,,,,,,,,,,,,,,,,,,,,,,,,,,,,,,,,,,,,
1369,label,side:2,tag:21,,total,i_total,,,,,,,,,,,,,,,,,,,,,,,,,,,,,,,,,,,,,,,,,,,,
1374,text,换,7D,。,。,。,1E,。,。,押券,AA,国企,,,,,,,,,,,,,,,,,,,,,,,,,,,,,,,,,,,,,,,
1374,text,换,7D,。,。,。,1E,。,。,押券AA,国企,,,,,,,,,,,,,,,,,,,,,,,,,,,,,,,,,,,,,,,
1375,label,,tlow,total,,,total,,,tag:25,,,,,,,,,,,,,,,,,,,,,,,,,,,,,,,,,,,,,,,,
1378,text,诚借,1M,，,压存单,\,n,出,14D,，,买断,利率,优先,，,上午,还款,,,,,,,,,,,,,,,,,,,,,,,,,,,,,,,,,,,
1378,text,诚借,1M,，,压存单,\,n,出,14D,，,买断,利率,优先,，,上午还款,,,,,,,,,,,,,,,,,,,,,,,,,,,,,,,,,,,
1379,label,side:1,tlow,,tag:14,,,side:2,tlow,,mode:103,tag:10,,,tag:21,,,,,,,,,,,,,,,,,,,,,,,,,,,,,,,,,,,
1382,text,出,在,帐,45D,以上,不,跨,年,，,5000,万,，,限,自营,，,押利率,,,,,,,,,,,,,,,,,,,,,,,,,,,,,,,,,,
1382,text,出,在帐,45D,以上,不,跨,年,，,5000,万,，,限,自营,，,押利率,,,,,,,,,,,,,,,,,,,,,,,,,,,,,,,,,,
1383,label,side:2,tag:20,,,,,,,total,i_total,,,,,tag:10,,,,,,,,,,,,,,,,,,,,,,,,,,,,,,,,,,
1384,text,出,在,帐,14d,2500w,,,,,,,,,,,,,,,,,,,,,,,,,,,,,,,,,,,,,,,,,,,,,
1384,text,出,在帐,14d,2500w,,,,,,,,,,,,,,,,,,,,,,,,,,,,,,,,,,,,,,,,,,,,,
1385,label,side:2,tag:20,tlow,total,,,,,,,,,,,,,,,,,,,,,,,,,,,,,,,,,,,,,,,,,,,,,
1402,text,出,在,账,隔夜,1.5,e,！,押券宽松,！,上午,还款,！,,,,,,,,,,,,,,,,,,,,,,,,,,,,,,,,,,,,,,
1402,text,出,在账,隔夜,1.5,e,！,押券宽松,！,上午还款,！,,,,,,,,,,,,,,,,,,,,,,,,,,,,,,,,,,,,,,
1403,label,side:2,tag:20,tlow,total,i_total,,tag:23,,tag:21,,,,,,,,,,,,,,,,,,,,,,,,,,,,,,,,,,,,,,,
1408,text,借,在,账,隔夜,3000,万,，,押上清,AAA,存单,，,价格,美丽,，,求,小窗,,,,,,,,,,,,,,,,,,,,,,,,,,,,,,,,,,
1408,text,借,在账,隔夜,3000,万,，,押上清,AAA,存单,，,价格,美丽,，,求,小窗,,,,,,,,,,,,,,,,,,,,,,,,,,,,,,,,,,
1409,label,side:1,tag:20,tlow,total,i_total,,tag:13,tag:11,tag:14,,,,,,,,,,,,,,,,,,,,,,,,,,,,,,,,,,,,,,,,
1420,text,出,14,-,1M,，,在,账,,,,,,,,,,,,,,,,,,,,,,,,,,,,,,,,,,,,,,,,,,,
1420,text,出,14,-,1M,，,在账,,,,,,,,,,,,,,,,,,,,,,,,,,,,,,,,,,,,,,,,,,,
1421,label,side:2,,,tlow,,tag:20,,,,,,,,,,,,,,,,,,,,,,,,,,,,,,,,,,,,,,,,,,,
1424,text,出,在,账,5,天,,,,,,,,,,,,,,,,,,,,,,,,,,,,,,,,,,,,,,,,,,,,,
1424,text,出,在账,5,天,,,,,,,,,,,,,,,,,,,,,,,,,,,,,,,,,,,,,,,,,,,,,
1425,label,side:2,tag:20,tlow,i_tlow,,,,,,,,,,,,,,,,,,,,,,,,,,,,,,,,,,,,,,,,,,,,,
1440,text,借,隔夜,1,个,+,0.4,个,，,押,AA+,CD,,,,,,,,,,,,,,,,,,,,,,,,,,,,,,,,,,,,,,,
1440,text,借,隔夜,1,个,+,0.4,个,，,押AA+,CD,,,,,,,,,,,,,,,,,,,,,,,,,,,,,,,,,,,,,,,
1441,label,side:1,tlow,,,,,,,tag:25,,,,,,,,,,,,,,,,,,,,,,,,,,,,,,,,,,,,,,,,
1442,text,出,上清,隔夜,上午,还款,~,5900,+,5900,~,押券,很,宽松,~,~,超限,~,,,,,,,,,,,,,,,,,,,,,,,,,,,,,,,,,
1442,text,出,上清,隔夜,上午还款,~,5900,+,5900,~,押券,很,宽松,~,~,超限,~,,,,,,,,,,,,,,,,,,,,,,,,,,,,,,,,,
1443,label,side:2,tag:13,tlow,tag:21,,,,,,mode:102,,tag:23,,,,,,,,,,,,,,,,,,,,,,,,,,,,,,,,,,,,,
1462,text,货币,户出,隔夜,7000w,3,点前,还款,~,公募,类,aa,国企,私募,类,aa,+,国企,欢迎,来,碰,~,,,,,,,,,,,,,,,,,,,,,,,,,,,,,
1462,text,货币,户出,隔夜,7000w,3点前还款,~,公募,类,aa,国企,私募,类,aa,+,国企,欢迎,来,碰,~,,,,,,,,,,,,,,,,,,,,,,,,,,,,,
1463,label,,,tlow,total,tag:21,,,,tag:11,,,,tag:11,,,,,,,,,,,,,,,,,,,,,,,,,,,,,,,,,,,
1468,text,出,在,账,跨季,7000,万,到,10.11,押,AA,,,,,,,,,,,,,,,,,,,,,,,,,,,,,,,,,,,,,,,,
1468,text,出,在账,跨季,7000,万,到,10.11,押AA,,,,,,,,,,,,,,,,,,,,,,,,,,,,,,,,,,,,,,,,
1469,label,side:2,tag:20,,total,i_total,,,tag:25,,,,,,,,,,,,,,,,,,,,,,,,,,,,,,,,,,,,,,,,
1474,text,诚借,早到,账,隔夜,1E,+,1.5,E,1E,押利率,1.5,E,押上清,存单,上午,还款,,,,,,,,,,,,,,,,,,,,,,,,,,,,,,,,,,
1474,text,诚借,早到,账,隔夜,1E,+,1.5,E,1E,押利率,1.5,E,押上清,存单,上午还款,,,,,,,,,,,,,,,,,,,,,,,,,,,,,,,,,,
1475,label,side:1,,,tlow,total,,total,i_total,total,tag:10,total,i_total,tag:13,tag:14,tag:21,,,,,,,,,,,,,,,,,,,,,,,,,,,,,,,,,,
1488,text,诚借,上午,到,账,3,亿,，,中债,上清,均,可,，,求金主,小窗,！,！,！,\,n,诚借,上午,到,账,3,亿,，,中债,上清,均,可,，,求金主,小窗,！,！,！,\,n,诚借,上午,到,账,3,亿,，,中债,上清,均,可,
1488,text,诚借,上午到账,3,亿,，,中债,上清,均,可,，,求金主,小窗,！,！,！,\,n,诚借,上午到账,3,亿,，,中债,上清,均,可,，,求金主,小窗,！,！,！,\,n,诚借,上午到账,3,亿,，,中债,上清,均,可,
1489,label,side:1,tag:20,,total,i_total,,tag:12,tag:13,,,,,,,,,,,side:1,tag:20,,total,i_total,,tag:12,tag:13,,,,,,,,,,,side:1,tag:20,,total,i_total,,tag:12,tag:13,,,
1498,text,出,上清,资金,1.3,亿,，,要求,押,AAA,，,4,点,之前,还款,,,,,,,,,,,,,,,,,,,,,,,,,,,,,,,,,,,,
1498,text,出,上清,资金,1.3,亿,，,要求,押AAA,，,4,点,之前,还款,,,,,,,,,,,,,,,,,,,,,,,,,,,,,,,,,,,,
1499,label,side:2,tag:13,,total,i_total,,,tag:25,,,,,tag:21,,,,,,,,,,,,,,,,,,,,,,,,,,,,,,,,,,,,
1504,text,出,上清,隔夜,9700w,，,上午,还款,，,押券宽松,,,,,,,,,,,,,,,,,,,,,,,,,,,,,,,,,,,,,,,,,
1504,text,出,上清,隔夜,9700w,，,上午还款,，,押券宽松,,,,,,,,,,,,,,,,,,,,,,,,,,,,,,,,,,,,,,,,,
1505,label,side:2,tag:13,tlow,total,,tag:21,,tag:23,,,,,,,,,,,,,,,,,,,,,,,,,,,,,,,,,,,,,,,,,
1508,text,出,7D,-,1M,押,AA+,,,,,,,,,,,,,,,,,,,,,,,,,,,,,,,,,,,,,,,,,,,,
1508,text,出,7D,-,1M,押AA+,,,,,,,,,,,,,,,,,,,,,,,,,,,,,,,,,,,,,,,,,,,,
1509,label,side:2,tlow,,thigh,tag:25,,,,,,,,,,,,,,,,,,,,,,,,,,,,,,,,,,,,,,,,,,,,
1510,text,出,7,天,押,AA+,国企,整量,起,,,,,,,,,,,,,,,,,,,,,,,,,,,,,,,,,,,,,,,,,,
1510,text,出,7,天,押AA+,国企,整量,起,,,,,,,,,,,,,,,,,,,,,,,,,,,,,,,,,,,,,,,,,,
1511,label,side:2,tlow,i_tlow,tag:25,,,,,,,,,,,,,,,,,,,,,,,,,,,,,,,,,,,,,,,,,,,,,
1522,text,年金,借,7,天,，,押,AA+,，,3000,万,,,,,,,,,,,,,,,,,,,,,,,,,,,,,,,,,,,,,,,,
1522,text,年金,借,7,天,，,押AA+,，,3000,万,,,,,,,,,,,,,,,,,,,,,,,,,,,,,,,,,,,,,,,,
1523,label,,side:1,tlow,i_tlow,,tag:25,,total,i_total,,,,,,,,,,,,,,,,,,,,,,,,,,,,,,,,,,,,,,,,
1536,text,出,隔夜,3000W,在,帐,,,,,,,,,,,,,,,,,,,,,,,,,,,,,,,,,,,,,,,,,,,,,
1536,text,出,隔夜,3000W,在帐,,,,,,,,,,,,,,,,,,,,,,,,,,,,,,,,,,,,,,,,,,,,,
1537,label,side:2,tlow,total,tag:20,,,,,,,,,,,,,,,,,,,,,,,,,,,,,,,,,,,,,,,,,,,,,
1540,text,出,0.3,亿,隔夜,押,AA+,，,缘分,,,,,,,,,,,,,,,,,,,,,,,,,,,,,,,,,,,,,,,,,,
1540,text,出,0.3,亿,隔夜,押AA+,，,缘分,,,,,,,,,,,,,,,,,,,,,,,,,,,,,,,,,,,,,,,,,,
1541,label,side:2,total,i_total,tlow,tag:25,,,,,,,,,,,,,,,,,,,,,,,,,,,,,,,,,,,,,,,,,,,,
1542,text,出,12D,，,19D,，,20D,资金,押券,略,宽松,上午,到,账,。,限银行,,,,,,,,,,,,,,,,,,,,,,,,,,,,,,,,,,,
1542,text,出,12D,，,19D,，,20D,资金,押券,略,宽松,上午到账,。,限银行,,,,,,,,,,,,,,,,,,,,,,,,,,,,,,,,,,,
1543,label,side:2,tlow,,thigh,,tlow,,mode:102,,tag:23,tag:20,,,tag:16,,,,,,,,,,,,,,,,,,,,,,,,,,,,,,,,,,,
1544,text,出,7,天,2,亿,压,AA+,以上,,,,,,,,,,,,,,,,,,,,,,,,,,,,,,,,,,,,,,,,,,
1544,text,出,7,天,2,亿,压AA+,以上,,,,,,,,,,,,,,,,,,,,,,,,,,,,,,,,,,,,,,,,,,
1545,label,side:2,tlow,i_tlow,total,i_total,tag:25,,,,,,,,,,,,,,,,,,,,,,,,,,,,,,,,,,,,,,,,,,,
1548,text,出,在,账,隔夜,2000W,押中债,,,,,,,,,,,,,,,,,,,,,,,,,,,,,,,,,,,,,,,,,,,,
1548,text,出,在账,隔夜,2000W,押中债,,,,,,,,,,,,,,,,,,,,,,,,,,,,,,,,,,,,,,,,,,,,
1549,label,side:2,tag:20,tlow,total,tag:12,,,,,,,,,,,,,,,,,,,,,,,,,,,,,,,,,,,,,,,,,,,,
1570,text,出,隔夜,1000,万,押上清,出,7D,1000,万,押,AA,非,负面,净价,打折,,,,,,,,,,,,,,,,,,,,,,,,,,,,,,,,,,,
1570,text,出,隔夜,1000,万,押上清,出,7D,1000,万,押AA,非,负面,净价,打折,,,,,,,,,,,,,,,,,,,,,,,,,,,,,,,,,,,
1571,label,side:2,tlow,total,i_total,tag:13,side:2,tlow,total,i_total,tag:25,,,,,,,,,,,,,,,,,,,,,,,,,,,,,,,,,,,,,,,
1572,text,出,5000w,隔夜,3,点,还款,限公募,自营,押券,AA,国企,,,,,,,,,,,,,,,,,,,,,,,,,,,,,,,,,,,,,,,
1572,text,出,5000w,隔夜,3,点,还款,限公募,自营,押券AA,国企,,,,,,,,,,,,,,,,,,,,,,,,,,,,,,,,,,,,,,,
1573,label,side:2,total,tlow,,,tag:21,,,tag:25,,,,,,,,,,,,,,,,,,,,,,,,,,,,,,,,,,,,,,,,
1576,text,出,1.5,亿,隔夜,，,押,AAA,或,AA+,存单,，,限非银,,,,,,,,,,,,,,,,,,,,,,,,,,,,,,,,,,,,,,
1576,text,出,1.5,亿,隔夜,，,押AAA,或,AA+,存单,，,限非银,,,,,,,,,,,,,,,,,,,,,,,,,,,,,,,,,,,,,,
1577,label,side:2,total,i_total,tlow,,tag:25,,tag:11,tag:14,,tag:18,,,,,,,,,,,,,,,,,,,,,,,,,,,,,,,,,,,,,,
1590,text,出,在,账,7d,2e,,,,,,,,,,,,,,,,,,,,,,,,,,,,,,,,,,,,,,,,,,,,,
1590,text,出,在账,7d,2e,,,,,,,,,,,,,,,,,,,,,,,,,,,,,,,,,,,,,,,,,,,,,
1591,label,side:2,tag:20,tlow,total,,,,,,,,,,,,,,,,,,,,,,,,,,,,,,,,,,,,,,,,,,,,,
1594,text,出,在,账,2000,万,1,-,7D,~,,,,,,,,,,,,,,,,,,,,,,,,,,,,,,,,,,,,,,,,,
1594,text,出,在账,2000,万,1,-,7D,~,,,,,,,,,,,,,,,,,,,,,,,,,,,,,,,,,,,,,,,,,
1595,label,side:2,tag:20,total,i_total,tlow,,thigh,,,,,,,,,,,,,,,,,,,,,,,,,,,,,,,,,,,,,,,,,,
1596,text,出,在,账,隔夜,2,亿,~,,,,,,,,,,,,,,,,,,,,,,,,,,,,,,,,,,,,,,,,,,,
1596,text,出,在账,隔夜,2,亿,~,,,,,,,,,,,,,,,,,,,,,,,,,,,,,,,,,,,,,,,,,,,
1597,label,side:2,tag:20,tlow,total,i_total,,,,,,,,,,,,,,,,,,,,,,,,,,,,,,,,,,,,,,,,,,,,
1600,text,出,上清,隔夜,0.55,+,0.5,+,0.4,AA,不限,户,,,,,,,,,,,,,,,,,,,,,,,,,,,,,,,,,,,,,,,
1600,text,出,上清,隔夜,0.55,+,0.5,+,0.4,AA,不限户,,,,,,,,,,,,,,,,,,,,,,,,,,,,,,,,,,,,,,,
1601,label,side:2,tag:13,tlow,total,,,,,tag:11,tag:24,,,,,,,,,,,,,,,,,,,,,,,,,,,,,,,,,,,,,,,
1606,text,出,上清,在,账,隔夜,1000W,,,,,,,,,,,,,,,,,,,,,,,,,,,,,,,,,,,,,,,,,,,,
1606,text,出,上清,在账,隔夜,1000W,,,,,,,,,,,,,,,,,,,,,,,,,,,,,,,,,,,,,,,,,,,,
1607,label,side:2,tag:13,tag:20,tlow,total,,,,,,,,,,,,,,,,,,,,,,,,,,,,,,,,,,,,,,,,,,,,
1612,text,出,在,账,7D,整量,起,做,可押,AA,-,勿,抖,,,,,,,,,,,,,,,,,,,,,,,,,,,,,,,,,,,,,,
1612,text,出,在账,7D,整量,起,做,可押,AA,-,勿,抖,,,,,,,,,,,,,,,,,,,,,,,,,,,,,,,,,,,,,,
1613,label,side:2,tag:20,tlow,,,,mode:102,tag:11,,,,,,,,,,,,,,,,,,,,,,,,,,,,,,,,,,,,,,,,,
1614,text,代友,出,隔夜,1E,押券,aa,加权,,,,,,,,,,,,,,,,,,,,,,,,,,,,,,,,,,,,,,,,,,,
1614,text,代友,出,隔夜,1E,押券AA,加权,,,,,,,,,,,,,,,,,,,,,,,,,,,,,,,,,,,,,,,,,,,
1615,label,,side:2,tlow,total,tag:25,price:1,,,,,,,,,,,,,,,,,,,,,,,,,,,,,,,,,,,,,,,,,,,
1628,text,顶格,借,在,账,隔夜,或,4,天,期限,4000W,或,5000W,，,押利率,,,,,,,,,,,,,,,,,,,,,,,,,,,,,,,,,,,,
1628,text,顶格,借,在账,隔夜,或,4,天,期限,4000W,或,5000W,，,押利率,,,,,,,,,,,,,,,,,,,,,,,,,,,,,,,,,,,,
1629,label,,side:1,tag:20,tlow,,tlow,i_tlow,,total,,total,,tag:10,,,,,,,,,,,,,,,,,,,,,,,,,,,,,,,,,,,,
1648,text,出,14,天及,以上,整量,大部分,在,账,,,,,,,,,,,,,,,,,,,,,,,,,,,,,,,,,,,,,,,,,,
1648,text,出,14,天及,以上,整量,大部分,在账,,,,,,,,,,,,,,,,,,,,,,,,,,,,,,,,,,,,,,,,,,
1649,label,side:2,tlow,i_tlow,,,,tag:20,,,,,,,,,,,,,,,,,,,,,,,,,,,,,,,,,,,,,,,,,,
1650,text,出,4,天,资金,2000,万,押利率,上午,还款,,,,,,,,,,,,,,,,,,,,,,,,,,,,,,,,,,,,,,,,,
1650,text,出,4,天,资金,2000,万,押利率,上午还款,,,,,,,,,,,,,,,,,,,,,,,,,,,,,,,,,,,,,,,,,
1651,label,side:2,tlow,i_tlow,,total,i_total,tag:10,tag:21,,,,,,,,,,,,,,,,,,,,,,,,,,,,,,,,,,,,,,,,,
1654,text,出,5,天,不限,户,押,AA+,,,,,,,,,,,,,,,,,,,,,,,,,,,,,,,,,,,,,,,,,,,
1654,text,出,5,天,不限户,押AA+,,,,,,,,,,,,,,,,,,,,,,,,,,,,,,,,,,,,,,,,,,,
1655,label,side:2,tlow,i_tlow,tag:24,tag:25,,,,,,,,,,,,,,,,,,,,,,,,,,,,,,,,,,,,,,,,,,,
1662,text,出,1200,+,1600,隔夜,，,在,账,，,价格,美丽,,,,,,,,,,,,,,,,,,,,,,,,,,,,,,,,,,,,,,,
1662,text,出,1200,+,1600,隔夜,，,在账,，,价格,美丽,,,,,,,,,,,,,,,,,,,,,,,,,,,,,,,,,,,,,,,
1663,label,side:2,,,total,tlow,,tag:20,,,,,,,,,,,,,,,,,,,,,,,,,,,,,,,,,,,,,,,,,,
1668,text,出,7D,压,AA+,不限,户,价格,好,,,,,,,,,,,,,,,,,,,,,,,,,,,,,,,,,,,,,,,,,,
1668,text,出,7D,压AA+,不限户,价格,好,,,,,,,,,,,,,,,,,,,,,,,,,,,,,,,,,,,,,,,,,,
1669,label,side:2,tlow,tag:25,tag:24,,,,,,,,,,,,,,,,,,,,,,,,,,,,,,,,,,,,,,,,,,,,
1686,text,出,隔夜,2E,上午,还款,,,,,,,,,,,,,,,,,,,,,,,,,,,,,,,,,,,,,,,,,,,,,
1686,text,出,隔夜,2E,上午还款,,,,,,,,,,,,,,,,,,,,,,,,,,,,,,,,,,,,,,,,,,,,,
1687,label,side:2,tlow,total,tag:21,,,,,,,,,,,,,,,,,,,,,,,,,,,,,,,,,,,,,,,,,,,,,
1690,text,出,：,7D,\,n,出,：,隔夜,900,万,\,n,出,：,隔夜,5000,上午,还款,,,,,,,,,,,,,,,,,,,,,,,,,,,,,,,,
1690,text,出,：,7D,\,n,出,：,隔夜,900,万,\,n,出,：,隔夜,5000,上午还款,,,,,,,,,,,,,,,,,,,,,,,,,,,,,,,,
1691,label,side:2,,tlow,,,side:2,,tlow,total,i_total,,,side:2,,tlow,,tag:21,,,,,,,,,,,,,,,,,,,,,,,,,,,,,,,,
1692,text,出,不在,账,上清,隔夜,1e,上午,还款,～,,,,,,,,,,,,,,,,,,,,,,,,,,,,,,,,,,,,,,,,,
1692,text,出,不在,账,上清,隔夜,1e,上午还款,～,,,,,,,,,,,,,,,,,,,,,,,,,,,,,,,,,,,,,,,,,
1693,label,side:2,,,tag:13,tlow,total,tag:21,,,,,,,,,,,,,,,,,,,,,,,,,,,,,,,,,,,,,,,,,,
1696,text,换,７,ｄ,８,０,０,０,ｗ,～,在,账,～,～,,,,,,,,,,,,,,,,,,,,,,,,,,,,,,,,,,,,,
1696,text,换,７,ｄ,８,０,０,０,ｗ,～,在账,～,～,,,,,,,,,,,,,,,,,,,,,,,,,,,,,,,,,,,,,
1697,label,,tlow,,,,,,,,tag:20,,,,,,,,,,,,,,,,,,,,,,,,,,,,,,,,,,,,,,,
1698,text,出,上清,4,天,上午,还款,\,n,出,中债,隔夜,6000,万,上午,还款,\,n,出,14,天,5000,万,,,,,,,,,,,,,,,,,,,,,,,,,,,,
1698,text,出,上清,4,天,上午还款,\,n,出,中债,隔夜,6000,万,上午还款,\,n,出,14,天,5000,万,,,,,,,,,,,,,,,,,,,,,,,,,,,,
1699,label,side:2,tag:13,tlow,i_tlow,tag:21,,,side:2,tag:12,tlow,total,i_total,tag:21,,,side:2,tlow,i_tlow,total,i_total,,,,,,,,,,,,,,,,,,,,,,,,,,,,
1708,text,减点,借,隔夜,1.9,e,押,AAA,存单,,,,,,,,,,,,,,,,,,,,,,,,,,,,,,,,,,,,,,,,,,
1708,text,减点,借,隔夜,1.9,e,押AAA,存单,,,,,,,,,,,,,,,,,,,,,,,,,,,,,,,,,,,,,,,,,,
1709,label,price:3,side:1,tlow,total,i_total,tag:25,tag:14,,,,,,,,,,,,,,,,,,,,,,,,,,,,,,,,,,,,,,,,,,
1710,text,出,7d,5000,万,押券,AA+,（,1,年,内,若,有,中债,资信,评级,则,中债,资信,评级,AA+,）,,,,,,,,,,,,,,,,,,,,,,,,,,,,,
1710,text,出,7d,5000,万,押券AA+,（,1,年,内,若,有,中债,资信,评级,则,中债,资信,评级,AA+,）,,,,,,,,,,,,,,,,,,,,,,,,,,,,,
1711,label,side:2,tlow,total,i_total,tag:25,,tlow,i_tlow,,,,tag:12,,,,tag:12,,,tag:11,,,,,,,,,,,,,,,,,,,,,,,,,,,,,,
1722,text,出,在,账,2d,4e,公募,自营,aa,私募,类,填表,aa,+,,,,,,,,,,,,,,,,,,,,,,,,,,,,,,,,,,,,,
1722,text,出,在账,2d,4e,公募,自营,aa,私募,类,填表,aa,+,,,,,,,,,,,,,,,,,,,,,,,,,,,,,,,,,,,,,
1723,label,side:2,tag:20,tlow,total,,,tag:11,,,,tag:11,,,,,,,,,,,,,,,,,,,,,,,,,,,,,,,,,,,,,,
1732,text,出,5270,万,隔夜,，,押,AA,,,,,,,,,,,,,,,,,,,,,,,,,,,,,,,,,,,,,,,,,,,
1732,text,出,5270,万,隔夜,，,押AA,,,,,,,,,,,,,,,,,,,,,,,,,,,,,,,,,,,,,,,,,,,
1733,label,side:2,total,i_total,tlow,,tag:25,,,,,,,,,,,,,,,,,,,,,,,,,,,,,,,,,,,,,,,,,,,
1750,text,借,隔夜,8000w,押,AAA,存单,,,,,,,,,,,,,,,,,,,,,,,,,,,,,,,,,,,,,,,,,,,,
1750,text,借,隔夜,8000w,押AAA,存单,,,,,,,,,,,,,,,,,,,,,,,,,,,,,,,,,,,,,,,,,,,,
1751,label,side:1,tlow,total,tag:25,tag:14,,,,,,,,,,,,,,,,,,,,,,,,,,,,,,,,,,,,,,,,,,,,
1752,text,3.6,借,隔夜,2,亿,，,押,AA,存单,，,求,小窗,！,！,！,,,,,,,,,,,,,,,,,,,,,,,,,,,,,,,,,,,
1752,text,3.6,借,隔夜,2,亿,，,押AA,存单,，,求,小窗,！,！,！,,,,,,,,,,,,,,,,,,,,,,,,,,,,,,,,,,,
1753,label,,side:1,tlow,total,i_total,,tag:25,tag:14,,,,,,,,,,,,,,,,,,,,,,,,,,,,,,,,,,,,,,,,,
1764,text,出,5,天,押利率,3,点前,还款,,,,,,,,,,,,,,,,,,,,,,,,,,,,,,,,,,,,,,,,,,,
1764,text,出,5,天,押利率,3点前还款,,,,,,,,,,,,,,,,,,,,,,,,,,,,,,,,,,,,,,,,,,,
1765,label,side:2,tlow,i_tlow,tag:10,tag:21,,,,,,,,,,,,,,,,,,,,,,,,,,,,,,,,,,,,,,,,,,,
1776,text,出,2d,5300,+,3200w,可以,押,2a,,,,,,,,,,,,,,,,,,,,,,,,,,,,,,,,,,,,,,,,,,
1776,text,出,2d,5300,+,3200w,可以,押2A,,,,,,,,,,,,,,,,,,,,,,,,,,,,,,,,,,,,,,,,,,
1777,label,side:2,tlow,total,,total,,tag:25,,,,,,,,,,,,,,,,,,,,,,,,,,,,,,,,,,,,,,,,,,
1786,text,出,隔夜,中债,2000w,，,押,aa,,,,,,,,,,,,,,,,,,,,,,,,,,,,,,,,,,,,,,,,,,,
1786,text,出,隔夜,中债,2000w,，,押AA,,,,,,,,,,,,,,,,,,,,,,,,,,,,,,,,,,,,,,,,,,,
1787,label,side:2,tlow,tag:12,total,,tag:25,,,,,,,,,,,,,,,,,,,,,,,,,,,,,,,,,,,,,,,,,,,
1800,text,出,在,账,隔夜,资金,1000,-,1500,万,，,押利率,，,快来,补,头寸,啦,。,,,,,,,,,,,,,,,,,,,,,,,,,,,,,,,,,
1800,text,出,在账,隔夜,资金,1000,-,1500,万,，,押利率,，,快来,补,头寸,啦,。,,,,,,,,,,,,,,,,,,,,,,,,,,,,,,,,,
1801,label,side:2,tag:20,tlow,,,,total,i_total,,tag:10,,,,,,,,,,,,,,,,,,,,,,,,,,,,,,,,,,,,,,,
1804,text,出,在,账,21D,1,亿,,,,,,,,,,,,,,,,,,,,,,,,,,,,,,,,,,,,,,,,,,,,
1804,text,出,在账,21D,1,亿,,,,,,,,,,,,,,,,,,,,,,,,,,,,,,,,,,,,,,,,,,,,
1805,label,side:2,tag:20,tlow,total,i_total,,,,,,,,,,,,,,,,,,,,,,,,,,,,,,,,,,,,,,,,,,,,
1810,text,那个,出,隔夜,整量,在,账,巨量,散量,勿扰,超限,,,,,,,,,,,,,,,,,,,,,,,,,,,,,,,,,,,,,,,,
1810,text,那个,出,隔夜,整量,在账,巨量,散量,勿扰,超限,,,,,,,,,,,,,,,,,,,,,,,,,,,,,,,,,,,,,,,,
1811,label,,side:2,tlow,,tag:20,,,,,,,,,,,,,,,,,,,,,,,,,,,,,,,,,,,,,,,,,,,,
1812,text,出,9D,整量,押,AA+,不限,户,（,专户,简单,填表,）,,,,,,,,,,,,,,,,,,,,,,,,,,,,,,,,,,,,,,
1812,text,出,9D,整量,押AA+,不限户,（,专户,简单,填表,）,,,,,,,,,,,,,,,,,,,,,,,,,,,,,,,,,,,,,,
1813,label,side:2,tlow,,tag:25,tag:24,,,,,,,,,,,,,,,,,,,,,,,,,,,,,,,,,,,,,,,,,,,
1816,text,出,上清,隔夜,1.23,亿,不限,户,,,,,,,,,,,,,,,,,,,,,,,,,,,,,,,,,,,,,,,,,,,
1816,text,出,上清,隔夜,1.23,亿,不限户,,,,,,,,,,,,,,,,,,,,,,,,,,,,,,,,,,,,,,,,,,,
1817,label,side:2,tag:13,tlow,total,i_total,tag:24,,,,,,,,,,,,,,,,,,,,,,,,,,,,,,,,,,,,,,,,,,,
1818,text,出,2,-,7,天,整量,压,AA+,以上,存单,或者,3A,利率,,,,,,,,,,,,,,,,,,,,,,,,,,,,,,,,,,,,,
1818,text,出,2,-,7,天,整量,压AA+,以上,存单,或者,3A,利率,,,,,,,,,,,,,,,,,,,,,,,,,,,,,,,,,,,,,
1819,label,side:2,tlow,,thigh,i_thigh,,tag:25,,tag:14,,tag:11,tag:10,,,,,,,,,,,,,,,,,,,,,,,,,,,,,,,,,,,,,
1822,text,诚借,隔夜,1.8,亿,可以,上午,还款,,,,,,,,,,,,,,,,,,,,,,,,,,,,,,,,,,,,,,,,,,,
1822,text,诚借,隔夜,1.8,亿,可以,上午还款,,,,,,,,,,,,,,,,,,,,,,,,,,,,,,,,,,,,,,,,,,,
1823,label,side:1,tlow,total,i_total,,tag:21,,,,,,,,,,,,,,,,,,,,,,,,,,,,,,,,,,,,,,,,,,,
1824,text,出,7,-,10,天,不限,户,押,AA+,,,,,,,,,,,,,,,,,,,,,,,,,,,,,,,,,,,,,,,,,
1824,text,出,7,-,10,天,不限户,押AA+,,,,,,,,,,,,,,,,,,,,,,,,,,,,,,,,,,,,,,,,,
1825,label,side:2,tlow,,thigh,i_thigh,tag:24,tag:25,,,,,,,,,,,,,,,,,,,,,,,,,,,,,,,,,,,,,,,,,
1840,text,出,4D,下午,三点,前,还款,3000W,押,AA,国企,,,,,,,,,,,,,,,,,,,,,,,,,,,,,,,,,,,,,,,,
1840,text,出,4D,下午,三点,前,还款,3000W,押AA,国企,,,,,,,,,,,,,,,,,,,,,,,,,,,,,,,,,,,,,,,,
1841,label,side:2,tlow,,,,tag:21,total,tag:25,,,,,,,,,,,,,,,,,,,,,,,,,,,,,,,,,,,,,,,,,
1848,text,出,4,-,7,天整量,押,AA+,存单,AAA,信用,对券,~,,,,,,,,,,,,,,,,,,,,,,,,,,,,,,,,,,,,,,
1848,text,出,4,-,7,天整量,押AA+,存单,AAA,信用,对券,~,,,,,,,,,,,,,,,,,,,,,,,,,,,,,,,,,,,,,,
1849,label,side:2,tlow,,thigh,i_thigh,tag:25,tag:14,tag:11,tag:11,,,,,,,,,,,,,,,,,,,,,,,,,,,,,,,,,,,,,,,,
1858,text,高价,借,10.9,号,到期,资金,1,亿,，,押,AAA,存单,，,可,上午,还款,，,求,小窗,。,,,,,,,,,,,,,,,,,,,,,,,,,,,,,,
1858,text,高价,借,10.9,号,到期,资金,1,亿,，,押AAA,存单,，,可,上午还款,，,求,小窗,。,,,,,,,,,,,,,,,,,,,,,,,,,,,,,,
1859,label,,side:1,,,,,total,i_total,,tag:25,tag:14,,,tag:21,,,,,,,,,,,,,,,,,,,,,,,,,,,,,,,,,,
1866,text,出,隔夜,1.1,e,，,押券,AA,可,拆,,,,,,,,,,,,,,,,,,,,,,,,,,,,,,,,,,,,,,,,,
1866,text,出,隔夜,1.1,e,，,押券AA,可,拆,,,,,,,,,,,,,,,,,,,,,,,,,,,,,,,,,,,,,,,,,
1867,label,side:2,tlow,total,i_total,,tag:25,,mode:101,,,,,,,,,,,,,,,,,,,,,,,,,,,,,,,,,,,,,,,,,
1874,text,代友,出,在,账,隔夜,3900,,,,,,,,,,,,,,,,,,,,,,,,,,,,,,,,,,,,,,,,,,,,
1874,text,代友,出,在账,隔夜,3900,,,,,,,,,,,,,,,,,,,,,,,,,,,,,,,,,,,,,,,,,,,,
1875,label,,side:2,tag:20,tlow,,,,,,,,,,,,,,,,,,,,,,,,,,,,,,,,,,,,,,,,,,,,,
1882,text,出,隔夜,1.1,e,，,自营,公募,压券宽松,，,资管,/,产品,限,AA+,以上,,,,,,,,,,,,,,,,,,,,,,,,,,,,,,,,,,,
1882,text,出,隔夜,1.1,e,，,自营,公募,压券宽松,，,资管,/,产品,限AA+,以上,,,,,,,,,,,,,,,,,,,,,,,,,,,,,,,,,,,
1883,label,side:2,tlow,total,i_total,,,,tag:23,,,,,tag:25,,,,,,,,,,,,,,,,,,,,,,,,,,,,,,,,,,,,
1884,text,出,7d,2000w,不限,户,AA,,,,,,,,,,,,,,,,,,,,,,,,,,,,,,,,,,,,,,,,,,,,
1884,text,出,7d,2000w,不限户,AA,,,,,,,,,,,,,,,,,,,,,,,,,,,,,,,,,,,,,,,,,,,,
1885,label,side:2,tlow,total,tag:24,tag:11,,,,,,,,,,,,,,,,,,,,,,,,,,,,,,,,,,,,,,,,,,,,
1886,text,出,在,帐,隔夜,1.3,亿,押利率,欢迎,小窗,！,,,,,,,,,,,,,,,,,,,,,,,,,,,,,,,,,,,,,,,,
1886,text,出,在帐,隔夜,1.3,亿,押利率,欢迎,小窗,！,,,,,,,,,,,,,,,,,,,,,,,,,,,,,,,,,,,,,,,,
1887,label,side:2,tag:20,tlow,total,i_total,tag:10,,,,,,,,,,,,,,,,,,,,,,,,,,,,,,,,,,,,,,,,,,,
1890,text,借,14d,-,21d,押,AA+,求,小窗,窗,,,,,,,,,,,,,,,,,,,,,,,,,,,,,,,,,,,,,,,,,
1890,text,借,14d,-,21d,押AA+,求,小窗,窗,,,,,,,,,,,,,,,,,,,,,,,,,,,,,,,,,,,,,,,,,
1891,label,side:1,tlow,,thigh,tag:25,,,,,,,,,,,,,,,,,,,,,,,,,,,,,,,,,,,,,,,,,,,,
1894,text,出,上清,7D,1000W,，,AA,不限,户,,,,,,,,,,,,,,,,,,,,,,,,,,,,,,,,,,,,,,,,,,
1894,text,出,上清,7D,1000W,，,AA,不限户,,,,,,,,,,,,,,,,,,,,,,,,,,,,,,,,,,,,,,,,,,
1895,label,side:2,tag:13,tlow,total,,tag:11,tag:24,,,,,,,,,,,,,,,,,,,,,,,,,,,,,,,,,,,,,,,,,,
1908,text,2.7,出,在,账,1,-,4D7000,万,，,可,拆,，,押利率,，,限银行,，,欢迎,来,碰,/,斜眼,笑,,,,,,,,,,,,,,,,,,,,,,,,,,,,
1908,text,2.7,出,在账,1,-,4D7000,万,，,可,拆,，,押利率,，,限银行,，,欢迎,来,碰,/,斜眼,笑,,,,,,,,,,,,,,,,,,,,,,,,,,,,
1909,label,,side:2,tag:20,,,total,i_total,,,,,tag:10,,tag:16,,,,,,,,,,,,,,,,,,,,,,,,,,,,,,,,,,,
1916,text,出,21,-,1m,在,帐,,,,,,,,,,,,,,,,,,,,,,,,,,,,,,,,,,,,,,,,,,,,
1916,text,出,21,-,1m,在帐,,,,,,,,,,,,,,,,,,,,,,,,,,,,,,,,,,,,,,,,,,,,
1917,label,side:2,,,tlow,tag:20,,,,,,,,,,,,,,,,,,,,,,,,,,,,,,,,,,,,,,,,,,,,
1928,text,出,5700w,+,3100w,隔夜,上清,押券,AA,以上,,,,,,,,,,,,,,,,,,,,,,,,,,,,,,,,,,,,,,,,,
1928,text,出,5700w,+,3100w,隔夜,上清,押券AA,以上,,,,,,,,,,,,,,,,,,,,,,,,,,,,,,,,,,,,,,,,,
1929,label,side:2,total,,total,tlow,tag:13,tag:25,,,,,,,,,,,,,,,,,,,,,,,,,,,,,,,,,,,,,,,,,,
1938,text,出,7,天,，,押券,AA+,国企,，,量,大,！,！,出,7,天,，,押券,AA+,国企,，,量,大,！,！,出,7,天,，,押券,AA+,国企,，,量,大,！,！,,,,,,,,,,,,,,
1938,text,出,7,天,，,押券AA+,国企,，,量,大,！,！,出,7,天,，,押券AA+,国企,，,量,大,！,！,出,7,天,，,押券AA+,国企,，,量,大,！,！,,,,,,,,,,,,,,
1939,label,side:2,tlow,i_tlow,,tag:25,,,,,,,side:2,tlow,i_tlow,,tag:25,,,,,,,side:2,tlow,i_tlow,,tag:25,,,,,,,,,,,,,,,,,,,,
1940,text,出,14D,以上,质押,，,押,AA+,,,,,,,,,,,,,,,,,,,,,,,,,,,,,,,,,,,,,,,,,,,
1940,text,出,14D,以上,质押,，,押AA+,,,,,,,,,,,,,,,,,,,,,,,,,,,,,,,,,,,,,,,,,,,
1941,label,side:2,tlow,,mode:102,,tag:25,,,,,,,,,,,,,,,,,,,,,,,,,,,,,,,,,,,,,,,,,,,
1942,text,出,上清,隔夜,2200W,，,押,AA,不限,户,；,出,上清,7D,4200W,，,公募,AA,，,资管,AA+,非,永续,,,,,,,,,,,,,,,,,,,,,,,,,,,,
1942,text,出,上清,隔夜,2200W,，,押AA,不限户,；,出,上清,7D,4200W,，,公募,AA,，,资管,AA+,非,永续,,,,,,,,,,,,,,,,,,,,,,,,,,,,
1943,label,side:2,tag:13,tlow,total,,tag:25,tag:24,,side:2,tag:13,tlow,,,,tag:11,,,tag:11,,,,,,,,,,,,,,,,,,,,,,,,,,,,,,
1944,text,便宜,出,在,账,隔夜,7600W,，,上午,回款,,,,,,,,,,,,,,,,,,,,,,,,,,,,,,,,,,,,,,,,,
1944,text,便宜,出,在账,隔夜,7600W,，,上午,回款,,,,,,,,,,,,,,,,,,,,,,,,,,,,,,,,,,,,,,,,,
1945,label,,side:2,tag:20,tlow,total,,,,,,,,,,,,,,,,,,,,,,,,,,,,,,,,,,,,,,,,,,,,
1948,text,预约,出,在,帐,上交所,协议式回购,跨,月,4000W,,,,,,,,,,,,,,,,,,,,,,,,,,,,,,,,,,,,,,,,,
1948,text,预约,出,在帐,上交所,协议式回购,跨,月,4000W,,,,,,,,,,,,,,,,,,,,,,,,,,,,,,,,,,,,,,,,,
1949,label,,side:2,tag:20,,mode:105,,,total,,,,,,,,,,,,,,,,,,,,,,,,,,,,,,,,,,,,,,,,,
1960,text,便宜,出,上午,到,账,隔夜,3000w,在,账,,,,,,,,,,,,,,,,,,,,,,,,,,,,,,,,,,,,,,,,,
1960,text,便宜,出,上午到账,隔夜,3000w,在账,,,,,,,,,,,,,,,,,,,,,,,,,,,,,,,,,,,,,,,,,
1961,label,,side:2,tag:20,,tlow,total,tag:20,,,,,,,,,,,,,,,,,,,,,,,,,,,,,,,,,,,,,,,,,
1970,text,出,2,-,7,天,7000,万,压,AA,；,出,1,-,7,天,1.1,亿,压,AA+,CD,/,AAA,,,,,,,,,,,,,,,,,,,,,,,,,,,,
1970,text,出,2,-,7,天,7000,万,压AA,；,出,1,-,7,天,1.1,亿,压AA+,CD,/,AAA,,,,,,,,,,,,,,,,,,,,,,,,,,,,
1971,label,side:2,tlow,,thigh,i_thigh,total,i_total,tag:25,,side:2,tlow,,thigh,i_thigh,total,i_total,tag:25,,,tag:11,,,,,,,,,,,,,,,,,,,,,,,,,,,,
1972,text,【,超,限价,】,，,出,7D,或者,14D,，,一个亿,，,在,账,\,n,请,请,请,确认,要求,：,【,两点,前,还款,】,，,押,AA,，,净价,打折,,,,,,,,,,,,,,,,,
1972,text,【,超,限价,】,，,出,7D,或者,14D,，,一个亿,，,在账,\,n,请,请,请,确认,要求,：,【,两点,前,还款,】,，,押AA,，,净价,打折,,,,,,,,,,,,,,,,,
1973,label,,,,,,side:2,tlow,,tlow,,total,,tag:20,,,,,,,,,,,,tag:21,,,tag:25,,,,,,,,,,,,,,,,,,,,
1974,text,借,在,账,隔夜,7600,~,,,,,,,,,,,,,,,,,,,,,,,,,,,,,,,,,,,,,,,,,,,,
1974,text,借,在账,隔夜,7600,~,,,,,,,,,,,,,,,,,,,,,,,,,,,,,,,,,,,,,,,,,,,,
1975,label,side:1,tag:20,tlow,,,,,,,,,,,,,,,,,,,,,,,,,,,,,,,,,,,,,,,,,,,,,,
1976,text,出,隔夜,押利率,2.7,亿,在,账,,,,,,,,,,,,,,,,,,,,,,,,,,,,,,,,,,,,,,,,,,,
1976,text,出,隔夜,押利率,2.7,亿,在账,,,,,,,,,,,,,,,,,,,,,,,,,,,,,,,,,,,,,,,,,,,
1977,label,side:2,tlow,tag:10,total,i_total,tag:20,,,,,,,,,,,,,,,,,,,,,,,,,,,,,,,,,,,,,,,,,,,
1982,text,出,隔夜,4000w,，,押,AA+,,,,,,,,,,,,,,,,,,,,,,,,,,,,,,,,,,,,,,,,,,,,
1982,text,出,隔夜,4000w,，,押AA+,,,,,,,,,,,,,,,,,,,,,,,,,,,,,,,,,,,,,,,,,,,,
1983,label,side:2,tlow,total,,tag:25,,,,,,,,,,,,,,,,,,,,,,,,,,,,,,,,,,,,,,,,,,,,
1986,text,借,7,天,1300,万,压,信用,,,,,,,,,,,,,,,,,,,,,,,,,,,,,,,,,,,,,,,,,,,
1986,text,借,7,天,1300,万,压信用,,,,,,,,,,,,,,,,,,,,,,,,,,,,,,,,,,,,,,,,,,,
1987,label,side:1,tlow,i_tlow,total,i_total,tag:11,,,,,,,,,,,,,,,,,,,,,,,,,,,,,,,,,,,,,,,,,,,
1990,text,出,隔夜,资金,1,亿,上午,还款,欢迎,小窗,议价,,,,,,,,,,,,,,,,,,,,,,,,,,,,,,,,,,,,,,,,
1990,text,出,隔夜,资金,1,亿,上午还款,欢迎,小窗,议价,,,,,,,,,,,,,,,,,,,,,,,,,,,,,,,,,,,,,,,,
1991,label,side:2,tlow,,total,i_total,tag:21,,,,,,,,,,,,,,,,,,,,,,,,,,,,,,,,,,,,,,,,,,,
1998,text,出,7D,1200w,，,押,AA+,国企,~,,,,,,,,,,,,,,,,,,,,,,,,,,,,,,,,,,,,,,,,,,
1998,text,出,7D,1200w,，,押AA+,国企,~,,,,,,,,,,,,,,,,,,,,,,,,,,,,,,,,,,,,,,,,,,
1999,label,side:2,tlow,total,,tag:25,,,,,,,,,,,,,,,,,,,,,,,,,,,,,,,,,,,,,,,,,,,,
